date,original_tickers,paper_replay_tickers,original_weights,paper_replay_weights,holdings_match,weights_match
2023-01-04,"MRNA,TCEHY","MRNA,TCEHY","0.3000000000,0.3000000000","0.3000000000,0.3000000000",True,True
2023-01-11,"MRNA,PDD,TCEHY","MRNA,PDD,TCEHY","0.2000000000,0.2000000000,0.2000000000","0.2000000000,0.2000000000,0.2000000000",True,True
2023-01-19,"KEEL,MRNA,PDD,TCEHY","KEEL,MRNA,PDD,TCEHY","0.1500000000,0.1500000000,0.1500000000,0.1500000000","0.1500000000,0.1500000000,0.1500000000,0.1500000000",True,True
2023-01-26,"KEEL,MRNA,PDD,TCEHY","KEEL,MRNA,PDD,TCEHY","0.1500000000,0.1500000000,0.1500000000,0.1500000000","0.1500000000,0.1500000000,0.1500000000,0.1500000000",True,True
2023-02-02,"COIN,KEEL,META,TCEHY","COIN,KEEL,META,TCEHY","0.1500000000,0.1500000000,0.1500000000,0.1500000000","0.1500000000,0.1500000000,0.1500000000,0.1500000000",True,True
2023-02-09,"KEEL,META,SPOT,TCEHY","KEEL,META,SPOT,TCEHY","0.1500000000,0.1500000000,0.1500000000,0.1500000000","0.1500000000,0.1500000000,0.1500000000,0.1500000000",True,True
2023-02-16,"META,MSTR,SPOT,TCEHY","META,MSTR,SPOT,TCEHY","0.1500000000,0.1500000000,0.1500000000,0.1500000000","0.1500000000,0.1500000000,0.1500000000,0.1500000000",True,True
2023-02-24,"META,MSTR,SPOT,TCEHY","META,MSTR,SPOT,TCEHY","0.1500000000,0.1500000000,0.1500000000,0.1500000000","0.1500000000,0.1500000000,0.1500000000,0.1500000000",True,True
2023-03-03,"META,MSTR,TWLO,VIST","META,MSTR,TWLO,VIST","0.1500000000,0.1500000000,0.1500000000,0.1500000000","0.1500000000,0.1500000000,0.1500000000,0.1500000000",True,True
2023-03-10,"META,TWLO,VIST","META,TWLO,VIST","0.2000000000,0.2000000000,0.2000000000","0.2000000000,0.2000000000,0.2000000000",True,True
2023-03-17,"COIN,KEEL,META,VIST","COIN,KEEL,META,VIST","0.1500000000,0.1500000000,0.1500000000,0.1500000000","0.1500000000,0.1500000000,0.1500000000,0.1500000000",True,True
2023-03-24,"COIN,KEEL,META,VIST","COIN,KEEL,META,VIST","0.1500000000,0.1500000000,0.1500000000,0.1500000000","0.1500000000,0.1500000000,0.1500000000,0.1500000000",True,True
2023-03-31,"KEEL,META,NVDA,VIST","KEEL,META,NVDA,VIST","0.1500000000,0.1500000000,0.1500000000,0.1500000000","0.1500000000,0.1500000000,0.1500000000,0.1500000000",True,True
2023-04-10,"META,MSTR,NVDA,VIST","META,MSTR,NVDA,VIST","0.1500000000,0.1500000000,0.1500000000,0.1500000000","0.1500000000,0.1500000000,0.1500000000,0.1500000000",True,True
2023-04-17,"META,MSTR,NVDA,SMCI","META,MSTR,NVDA,SMCI","0.1500000000,0.1500000000,0.1500000000,0.1500000000","0.1500000000,0.1500000000,0.1500000000,0.1500000000",True,True
2023-04-24,"META,MSTR,NVDA,VIST","META,MSTR,NVDA,VIST","0.1500000000,0.1500000000,0.1500000000,0.1500000000","0.1500000000,0.1500000000,0.1500000000,0.1500000000",True,True
2023-05-01,"META,MSTR,NVDA,VIST","META,MSTR,NVDA,VIST","0.1500000000,0.1500000000,0.1500000000,0.1500000000","0.1500000000,0.1500000000,0.1500000000,0.1500000000",True,True
2023-05-08,"META,MSTR,SHOP,SMCI","META,MSTR,SHOP,SMCI","0.1500000000,0.1500000000,0.1500000000,0.1500000000","0.1500000000,0.1500000000,0.1500000000,0.1500000000",True,True
2023-05-15,"META,SHOP,SMCI","META,SHOP,SMCI","0.2000000000,0.2000000000,0.2000000000","0.2000000000,0.2000000000,0.2000000000",True,True
2023-05-22,"META,PLTR,SHOP,SMCI","META,PLTR,SHOP,SMCI","0.1500000000,0.1500000000,0.1500000000,0.1500000000","0.1500000000,0.1500000000,0.1500000000,0.1500000000",True,True
2023-05-30,"META,PLTR,SHOP,SMCI","META,PLTR,SHOP,SMCI","0.1500000000,0.1500000000,0.1500000000,0.1500000000","0.1500000000,0.1500000000,0.1500000000,0.1500000000",True,True
2023-06-06,"META,PLTR,SHOP,SMCI","META,PLTR,SHOP,SMCI","0.1500000000,0.1500000000,0.1500000000,0.1500000000","0.1500000000,0.1500000000,0.1500000000,0.1500000000",True,True
2023-06-13,"META,RGTI,SHOP,SMCI","META,RGTI,SHOP,SMCI","0.1500000000,0.1500000000,0.1500000000,0.1500000000","0.1500000000,0.1500000000,0.1500000000,0.1500000000",True,True
2023-06-21,"META,PBR,SHOP,SMCI","META,PBR,SHOP,SMCI","0.1500000000,0.1500000000,0.1500000000,0.1500000000","0.1500000000,0.1500000000,0.1500000000,0.1500000000",True,True
2023-06-28,"MDB,META,SHOP,SMCI","MDB,META,SHOP,SMCI","0.1500000000,0.1500000000,0.1500000000,0.1500000000","0.1500000000,0.1500000000,0.1500000000,0.1500000000",True,True
2023-07-06,"MDB,META,RGTI,SMCI","MDB,META,RGTI,SMCI","0.1500000000,0.1500000000,0.1500000000,0.1500000000","0.1500000000,0.1500000000,0.1500000000,0.1500000000",True,True
2023-07-13,"MDB,META,RGTI,SMCI","MDB,META,RGTI,SMCI","0.1500000000,0.1500000000,0.1500000000,0.1500000000","0.1500000000,0.1500000000,0.1500000000,0.1500000000",True,True
2023-07-20,"MDB,META,RGTI,SMCI","MDB,META,RGTI,SMCI","0.1500000000,0.1500000000,0.1500000000,0.1500000000","0.1500000000,0.1500000000,0.1500000000,0.1500000000",True,True
2023-07-27,"MDB,META,RGTI,SMCI","MDB,META,RGTI,SMCI","0.1500000000,0.1500000000,0.1500000000,0.1500000000","0.1500000000,0.1500000000,0.1500000000,0.1500000000",True,True
2023-08-03,"MDB,META,PLTR,RGTI","MDB,META,PLTR,RGTI","0.1500000000,0.1500000000,0.1500000000,0.1500000000","0.1500000000,0.1500000000,0.1500000000,0.1500000000",True,True
2023-08-10,"MDB,META,RGTI,SMCI","MDB,META,RGTI,SMCI","0.1500000000,0.1500000000,0.1500000000,0.1500000000","0.1500000000,0.1500000000,0.1500000000,0.1500000000",True,True
2023-08-17,"ADBE,MDB,META,RGTI","ADBE,MDB,META,RGTI","0.1500000000,0.1500000000,0.1500000000,0.1500000000","0.1500000000,0.1500000000,0.1500000000,0.1500000000",True,True
2023-08-24,"MDB,META,PBR,RGTI","MDB,META,PBR,RGTI","0.1500000000,0.1500000000,0.1500000000,0.1500000000","0.1500000000,0.1500000000,0.1500000000,0.1500000000",True,True
2023-08-31,"COIN,META,PBR,PDD","COIN,META,PBR,PDD","0.1500000000,0.1500000000,0.1500000000,0.1500000000","0.1500000000,0.1500000000,0.1500000000,0.1500000000",True,True
2023-09-08,"COIN,META,PBR,RGTI","COIN,META,PBR,RGTI","0.1500000000,0.1500000000,0.1500000000,0.1500000000","0.1500000000,0.1500000000,0.1500000000,0.1500000000",True,True
2023-09-15,"COIN,META,PDD,RGTI","COIN,META,PDD,RGTI","0.1500000000,0.1500000000,0.1500000000,0.1500000000","0.1500000000,0.1500000000,0.1500000000,0.1500000000",True,True
2023-09-22,"CCJ,META,PDD,RGTI","CCJ,META,PDD,RGTI","0.1500000000,0.1500000000,0.1500000000,0.1500000000","0.1500000000,0.1500000000,0.1500000000,0.1500000000",True,True
2023-09-29,"CCJ,META,PDD","CCJ,META,PDD","0.2000000000,0.2000000000,0.2000000000","0.2000000000,0.2000000000,0.2000000000",True,True
2023-10-06,"CCJ,META,PDD,VIST","CCJ,META,PDD,VIST","0.1500000000,0.1500000000,0.1500000000,0.1500000000","0.1500000000,0.1500000000,0.1500000000,0.1500000000",True,True
2023-10-13,"CCJ,CRWD,META,PDD","CCJ,CRWD,META,PDD","0.1500000000,0.1500000000,0.1500000000,0.1500000000","0.1500000000,0.1500000000,0.1500000000,0.1500000000",True,True
2023-10-20,"CRWD,META,PBR,VIST","CRWD,META,PBR,VIST","0.1500000000,0.1500000000,0.1500000000,0.1500000000","0.1500000000,0.1500000000,0.1500000000,0.1500000000",True,True
2023-10-27,"CRWD,NVO,PDD,VIST","CRWD,NVO,PDD,VIST","0.1500000000,0.1500000000,0.1500000000,0.1500000000","0.1500000000,0.1500000000,0.1500000000,0.1500000000",True,True
2023-11-03,"CRWD,MSTR,NVO,PLTR","CRWD,MSTR,NVO,PLTR","0.1500000000,0.1500000000,0.1500000000,0.1500000000","0.1500000000,0.1500000000,0.1500000000,0.1500000000",True,True
2023-11-10,"CRWD,MSTR,NVO,RBLX","CRWD,MSTR,NVO,RBLX","0.1500000000,0.1500000000,0.1500000000,0.1500000000","0.1500000000,0.1500000000,0.1500000000,0.1500000000",True,True
2023-11-17,"ASTS,CRWD,MSTR,NVO","ASTS,CRWD,MSTR,NVO","0.1500000000,0.1500000000,0.1500000000,0.1500000000","0.1500000000,0.1500000000,0.1500000000,0.1500000000",True,True
2023-11-27,"ASTS,COIN,CRWD,NVO","ASTS,COIN,CRWD,NVO","0.1500000000,0.1500000000,0.1500000000,0.1500000000","0.1500000000,0.1500000000,0.1500000000,0.1500000000",True,True
2023-12-04,"COIN,CRWD,KEEL,NVO","COIN,CRWD,KEEL,NVO","0.1500000000,0.1500000000,0.1500000000,0.1500000000","0.1500000000,0.1500000000,0.1500000000,0.1500000000",True,True
2023-12-11,"COIN,CRWD,KEEL","COIN,CRWD,KEEL","0.2000000000,0.2000000000,0.2000000000","0.2000000000,0.2000000000,0.2000000000",True,True
2023-12-18,"COIN,CRWD,KEEL","COIN,CRWD,KEEL","0.2000000000,0.2000000000,0.2000000000","0.2000000000,0.2000000000,0.2000000000",True,True
2023-12-26,"COIN,CRWD,KEEL","COIN,CRWD,KEEL","0.2000000000,0.2000000000,0.2000000000","0.2000000000,0.2000000000,0.2000000000",True,True
2024-01-03,"COIN,CRWD,KEEL","COIN,CRWD,KEEL","0.2000000000,0.2000000000,0.2000000000","0.2000000000,0.2000000000,0.2000000000",True,True
2024-01-10,"COIN,CRWD,KEEL","COIN,CRWD,KEEL","0.2000000000,0.2000000000,0.2000000000","0.2000000000,0.2000000000,0.2000000000",True,True
2024-01-18,"AMD,COIN,CRWD,KEEL","AMD,COIN,CRWD,KEEL","0.1500000000,0.1500000000,0.1500000000,0.1500000000","0.1500000000,0.1500000000,0.1500000000,0.1500000000",True,True
2024-01-25,"AMD,CRWD,KEEL,SMCI","AMD,CRWD,KEEL,SMCI","0.1500000000,0.1500000000,0.1500000000,0.1500000000","0.1500000000,0.1500000000,0.1500000000,0.1500000000",True,True
2024-02-01,"AMD,CRWD,KEEL,SMCI","AMD,CRWD,KEEL,SMCI","0.1500000000,0.1500000000,0.1500000000,0.1500000000","0.1500000000,0.1500000000,0.1500000000,0.1500000000",True,True
2024-02-08,"AMD,CRWD,KEEL,SMCI","AMD,CRWD,KEEL,SMCI","0.1500000000,0.1500000000,0.1500000000,0.1500000000","0.1500000000,0.1500000000,0.1500000000,0.1500000000",True,True
2024-02-15,"AMD,CRWD,KEEL,SMCI","AMD,CRWD,KEEL,SMCI","0.1500000000,0.1500000000,0.1500000000,0.1500000000","0.1500000000,0.1500000000,0.1500000000,0.1500000000",True,True
2024-02-23,"AMD,CRWD,KEEL,SMCI","AMD,CRWD,KEEL,SMCI","0.1500000000,0.1500000000,0.1500000000,0.1500000000","0.1500000000,0.1500000000,0.1500000000,0.1500000000",True,True
2024-03-01,"CRWD,JMIA,KEEL,SMCI","CRWD,JMIA,KEEL,SMCI","0.1500000000,0.1500000000,0.1500000000,0.1500000000","0.1500000000,0.1500000000,0.1500000000,0.1500000000",True,True
2024-03-08,"CRWD,KEEL,MSTR,SMCI","CRWD,KEEL,MSTR,SMCI","0.1500000000,0.1500000000,0.1500000000,0.1500000000","0.1500000000,0.1500000000,0.1500000000,0.1500000000",True,True
2024-03-15,"CRWD,MSTR,SMCI","CRWD,MSTR,SMCI","0.2000000000,0.2000000000,0.2000000000","0.2000000000,0.2000000000,0.2000000000",True,True
2024-03-22,"CRWD,MSTR,SMCI","CRWD,MSTR,SMCI","0.2000000000,0.2000000000,0.2000000000","0.2000000000,0.2000000000,0.2000000000",True,True
2024-04-01,"CRWD,MSTR,SMCI","CRWD,MSTR,SMCI","0.2000000000,0.2000000000,0.2000000000","0.2000000000,0.2000000000,0.2000000000",True,True
2024-04-08,"CRWD,MSTR,SMCI","CRWD,MSTR,SMCI","0.2000000000,0.2000000000,0.2000000000","0.2000000000,0.2000000000,0.2000000000",True,True
2024-04-15,"CRWD,MSTR,SMCI","CRWD,MSTR,SMCI","0.2000000000,0.2000000000,0.2000000000","0.2000000000,0.2000000000,0.2000000000",True,True
2024-04-22,"COIN,MSTR,SMCI","COIN,MSTR,SMCI","0.2000000000,0.2000000000,0.2000000000","0.2000000000,0.2000000000,0.2000000000",True,True
2024-04-29,"COIN,MSTR,SE,SMCI","COIN,MSTR,SE,SMCI","0.1500000000,0.1500000000,0.1500000000,0.1500000000","0.1500000000,0.1500000000,0.1500000000,0.1500000000",True,True
2024-05-06,"MSTR,SE,SMCI,SNAP","MSTR,SE,SMCI,SNAP","0.1500000000,0.1500000000,0.1500000000,0.1500000000","0.1500000000,0.1500000000,0.1500000000,0.1500000000",True,True
2024-05-13,"MSTR,SE,SNAP","MSTR,SE,SNAP","0.2000000000,0.2000000000,0.2000000000","0.2000000000,0.2000000000,0.2000000000",True,True
2024-05-20,"ASTS,MSTR,SE,SNAP","ASTS,MSTR,SE,SNAP","0.1500000000,0.1500000000,0.1500000000,0.1500000000","0.1500000000,0.1500000000,0.1500000000,0.1500000000",True,True
2024-05-28,"ASTS,MRNA,MSTR,SE","ASTS,MRNA,MSTR,SE","0.1490758445,0.1490758445,0.1490758445,0.1490758445","0.1490758445,0.1490758445,0.1490758445,0.1490758445",True,True
2024-06-04,"ASTS,MRNA,MSTR,SE","ASTS,MRNA,MSTR,SE","0.1500000000,0.1500000000,0.1500000000,0.1500000000","0.1500000000,0.1500000000,0.1500000000,0.1500000000",True,True
2024-06-11,"ASTS,JMIA,MSTR,SE","ASTS,JMIA,MSTR,SE","0.1500000000,0.1500000000,0.1500000000,0.1500000000","0.1500000000,0.1500000000,0.1500000000,0.1500000000",True,True
2024-06-18,"ASTS,JMIA,KEEL,SE","ASTS,JMIA,KEEL,SE","0.1500000000,0.1500000000,0.1500000000,0.1500000000","0.1500000000,0.1500000000,0.1500000000,0.1500000000",True,True
2024-06-26,"ASTS,JMIA,KEEL,SNAP","ASTS,JMIA,KEEL,SNAP","0.1500000000,0.1500000000,0.1500000000,0.1500000000","0.1500000000,0.1500000000,0.1500000000,0.1500000000",True,True
2024-07-03,"ASTS,JMIA,KEEL,TSLA","ASTS,JMIA,KEEL,TSLA","0.1500000000,0.1500000000,0.1500000000,0.1500000000","0.1500000000,0.1500000000,0.1500000000,0.1500000000",True,True
2024-07-11,"ASTS,JMIA,KEEL,TSLA","ASTS,JMIA,KEEL,TSLA","0.1500000000,0.1500000000,0.1500000000,0.1500000000","0.1500000000,0.1500000000,0.1500000000,0.1500000000",True,True
2024-07-18,"ASTS,JMIA,KEEL,TSLA","ASTS,JMIA,KEEL,TSLA","0.1500000000,0.1500000000,0.1500000000,0.1500000000","0.1500000000,0.1500000000,0.1500000000,0.1500000000",True,True
2024-07-25,"ASTS,JMIA,KEEL,TSLA","ASTS,JMIA,KEEL,TSLA","0.1500000000,0.1500000000,0.1500000000,0.1500000000","0.1500000000,0.1500000000,0.1500000000,0.1500000000",True,True
2024-08-01,"ASTS,JMIA,KEEL,TSLA","ASTS,JMIA,KEEL,TSLA","0.1483555665,0.1483555665,0.1483555665,0.1483555665","0.1483555665,0.1483555665,0.1483555665,0.1483555665",True,True
2024-08-08,"ASTS,CHTR,KEEL,TSLA","ASTS,CHTR,KEEL,TSLA","0.1358159750,0.1358159750,0.1358159750,0.1358159750","0.1358159750,0.1358159750,0.1358159750,0.1358159750",True,True
2024-08-15,"ASTS,CHTR,PLTR,TSLA","ASTS,CHTR,PLTR,TSLA","0.1357177193,0.1357177193,0.1357177193,0.1357177193","0.1357177193,0.1357177193,0.1357177193,0.1357177193",True,True
2024-08-22,"ASTS,CHTR,RKLB,TSLA","ASTS,CHTR,RKLB,TSLA","0.1500000000,0.1500000000,0.1500000000,0.1500000000","0.1500000000,0.1500000000,0.1500000000,0.1500000000",True,True
2024-08-29,"ASTS,CHTR,RKLB,TSLA","ASTS,CHTR,RKLB,TSLA","0.1500000000,0.1500000000,0.1500000000,0.1500000000","0.1500000000,0.1500000000,0.1500000000,0.1500000000",True,True
2024-09-06,"ASTS,CHTR,RKLB,TSLA","ASTS,CHTR,RKLB,TSLA","0.1500000000,0.1500000000,0.1500000000,0.1500000000","0.1500000000,0.1500000000,0.1500000000,0.1500000000",True,True
2024-09-13,"ASTS,CHTR,RKLB,TSLA","ASTS,CHTR,RKLB,TSLA","0.1451079799,0.1451079799,0.1451079799,0.1451079799","0.1451079799,0.1451079799,0.1451079799,0.1451079799",True,True
2024-09-20,"ASTS,CHTR,PLTR,TSLA","ASTS,CHTR,PLTR,TSLA","0.1500000000,0.1500000000,0.1500000000,0.1500000000","0.1500000000,0.1500000000,0.1500000000,0.1500000000",True,True
2024-09-27,"ASTS,CHTR,RKLB,TSLA","ASTS,CHTR,RKLB,TSLA","0.1500000000,0.1500000000,0.1500000000,0.1500000000","0.1500000000,0.1500000000,0.1500000000,0.1500000000",True,True
2024-10-04,"ASTS,CHTR,RKLB,TSLA","ASTS,CHTR,RKLB,TSLA","0.1500000000,0.1500000000,0.1500000000,0.1500000000","0.1500000000,0.1500000000,0.1500000000,0.1500000000",True,True
2024-10-11,"ASTS,RKLB","ASTS,RKLB","0.3000000000,0.3000000000","0.3000000000,0.3000000000",True,True
2024-10-18,"ASTS,OKLO,RKLB","ASTS,OKLO,RKLB","0.2000000000,0.2000000000,0.2000000000","0.2000000000,0.2000000000,0.2000000000",True,True
2024-10-25,"ASTS,OKLO,RKLB","ASTS,OKLO,RKLB","0.2000000000,0.2000000000,0.2000000000","0.2000000000,0.2000000000,0.2000000000",True,True
2024-11-01,"ASTS,OKLO,RKLB","ASTS,OKLO,RKLB","0.2000000000,0.2000000000,0.2000000000","0.2000000000,0.2000000000,0.2000000000",True,True
2024-11-08,"OKLO,RKLB","OKLO,RKLB","0.3000000000,0.3000000000","0.3000000000,0.3000000000",True,True
2024-11-15,"MSTR,OKLO,RKLB","MSTR,OKLO,RKLB","0.2000000000,0.2000000000,0.2000000000","0.2000000000,0.2000000000,0.2000000000",True,True
2024-11-22,"MSTR,OKLO,RKLB","MSTR,OKLO,RKLB","0.2000000000,0.2000000000,0.2000000000","0.2000000000,0.2000000000,0.2000000000",True,True
2024-12-02,"MSTR,OKLO,RGTI,RKLB","MSTR,OKLO,RGTI,RKLB","0.1500000000,0.1500000000,0.1500000000,0.1500000000","0.1500000000,0.1500000000,0.1500000000,0.1500000000",True,True
2024-12-09,"MSTR,OKLO,RGTI,RKLB","MSTR,OKLO,RGTI,RKLB","0.1295164759,0.1295164759,0.1295164759,0.1295164759","0.1295164759,0.1295164759,0.1295164759,0.1295164759",True,True
2024-12-16,"MSTR,OKLO,RGTI,RKLB","MSTR,OKLO,RGTI,RKLB","0.1205508807,0.1205508807,0.1205508807,0.1205508807","0.1205508807,0.1205508807,0.1205508807,0.1205508807",True,True
2024-12-23,"MSTR,OKLO,RGTI,RKLB","MSTR,OKLO,RGTI,RKLB","0.1223917567,0.1223917567,0.1223917567,0.1223917567","0.1223917567,0.1223917567,0.1223917567,0.1223917567",True,True
2024-12-31,"MSTR,OKLO,RGTI,RKLB","MSTR,OKLO,RGTI,RKLB","0.1276852700,0.1276852700,0.1276852700,0.1276852700","0.1276852700,0.1276852700,0.1276852700,0.1276852700",True,True
2025-01-08,"MSTR,OKLO,RGTI,RKLB","MSTR,OKLO,RGTI,RKLB","0.1235353318,0.1235353318,0.1235353318,0.1235353318","0.1235353318,0.1235353318,0.1235353318,0.1235353318",True,True
2025-01-16,"MSTR,OKLO,RGTI,RKLB","MSTR,OKLO,RGTI,RKLB","0.1244335130,0.1244335130,0.1244335130,0.1244335130","0.1244335130,0.1244335130,0.1244335130,0.1244335130",True,True
2025-01-24,"MSTR,OKLO,RGTI,RKLB","MSTR,OKLO,RGTI,RKLB","0.1247117184,0.1247117184,0.1247117184,0.1247117184","0.1247117184,0.1247117184,0.1247117184,0.1247117184",True,True
2025-01-31,"MSTR,OKLO,RGTI,RKLB","MSTR,OKLO,RGTI,RKLB","0.1409488342,0.1409488342,0.1409488342,0.1409488342","0.1409488342,0.1409488342,0.1409488342,0.1409488342",True,True
2025-02-07,"MSTR,OKLO,RGTI,RKLB","MSTR,OKLO,RGTI,RKLB","0.1429933181,0.1429933181,0.1429933181,0.1429933181","0.1429933181,0.1429933181,0.1429933181,0.1429933181",True,True
2025-02-14,"OKLO,RGTI,RKLB","OKLO,RGTI,RKLB","0.1718197065,0.1718197065,0.1718197065","0.1718197065,0.1718197065,0.1718197065",True,True
2025-02-24,"OKLO,RGTI,SMCI","OKLO,RGTI,SMCI","0.1363923398,0.1363923398,0.1363923398","0.1363923398,0.1363923398,0.1363923398",True,True
2025-03-03,"BABA,OKLO,RGTI,SMCI","BABA,OKLO,RGTI,SMCI","0.1029424012,0.1029424012,0.1029424012,0.1029424012","0.1029424012,0.1029424012,0.1029424012,0.1029424012",True,True
2025-03-10,"BABA,RGTI","BABA,RGTI","0.2380561247,0.2380561247","0.2380561247,0.2380561247",True,True
2025-03-17,"BABA,RGTI,TCEHY","BABA,RGTI,TCEHY","0.1744618424,0.1744618424,0.1744618424","0.1744618424,0.1744618424,0.1744618424",True,True
2025-03-24,"BABA,OKLO,TCEHY","BABA,OKLO,TCEHY","0.1724604704,0.1724604704,0.1724604704","0.1724604704,0.1724604704,0.1724604704",True,True
2025-03-31,"BABA,EC,TCEHY","BABA,EC,TCEHY","0.1768055973,0.1768055973,0.1768055973","0.1768055973,0.1768055973,0.1768055973",True,True
2025-04-07,"EC,EXC,PLTR,TCEHY","EC,EXC,PLTR,TCEHY","0.1192114190,0.1192114190,0.1192114190,0.1192114190","0.1192114190,0.1192114190,0.1192114190,0.1192114190",True,True
2025-04-14,"EC,EXC,PLTR,TCEHY","EC,EXC,PLTR,TCEHY","0.1153989043,0.1153989043,0.1153989043,0.1153989043","0.1153989043,0.1153989043,0.1153989043,0.1153989043",True,True
2025-04-22,"EA,EC,EXC,TCEHY","EA,EC,EXC,TCEHY","0.1228600466,0.1228600466,0.1228600466,0.1228600466","0.1228600466,0.1228600466,0.1228600466,0.1228600466",True,True
2025-04-29,"EA,MSTR,PLTR,TCEHY","EA,MSTR,PLTR,TCEHY","0.1328288949,0.1328288949,0.1328288949,0.1328288949","0.1328288949,0.1328288949,0.1328288949,0.1328288949",True,True
2025-05-06,"BABA,EA,MSTR,TCEHY","BABA,EA,MSTR,TCEHY","0.1340039555,0.1340039555,0.1340039555,0.1340039555","0.1340039555,0.1340039555,0.1340039555,0.1340039555",True,True
2025-05-13,"EA,MCHP,MSTR,TCEHY","EA,MCHP,MSTR,TCEHY","0.1320056763,0.1320056763,0.1320056763,0.1320056763","0.1320056763,0.1320056763,0.1320056763,0.1320056763",True,True
2025-05-20,"EA,MSTR,PLTR,TCEHY","EA,MSTR,PLTR,TCEHY","0.1500000000,0.1500000000,0.1500000000,0.1500000000","0.1500000000,0.1500000000,0.1500000000,0.1500000000",True,True
2025-05-28,"EA,MSTR,OKLO,RGTI","EA,MSTR,OKLO,RGTI","0.1500000000,0.1500000000,0.1500000000,0.1500000000","0.1500000000,0.1500000000,0.1500000000,0.1500000000",True,True
2025-06-04,"EA,MSTR,OKLO,RBLX","EA,MSTR,OKLO,RBLX","0.1500000000,0.1500000000,0.1500000000,0.1500000000","0.1500000000,0.1500000000,0.1500000000,0.1500000000",True,True
2025-06-11,"EA,MSTR,OKLO,RBLX","EA,MSTR,OKLO,RBLX","0.1500000000,0.1500000000,0.1500000000,0.1500000000","0.1500000000,0.1500000000,0.1500000000,0.1500000000",True,True
2025-06-18,"ASTS,EA,MSTR,OKLO","ASTS,EA,MSTR,OKLO","0.1500000000,0.1500000000,0.1500000000,0.1500000000","0.1500000000,0.1500000000,0.1500000000,0.1500000000",True,True
2025-06-26,"ASTS,EA,MSTR,OKLO","ASTS,EA,MSTR,OKLO","0.1500000000,0.1500000000,0.1500000000,0.1500000000","0.1500000000,0.1500000000,0.1500000000,0.1500000000",True,True
2025-07-03,"ASTS,EA,JMIA,OKLO","ASTS,EA,JMIA,OKLO","0.1500000000,0.1500000000,0.1500000000,0.1500000000","0.1500000000,0.1500000000,0.1500000000,0.1500000000",True,True
2025-07-11,"COIN,EA,JMIA,OKLO","COIN,EA,JMIA,OKLO","0.1500000000,0.1500000000,0.1500000000,0.1500000000","0.1500000000,0.1500000000,0.1500000000,0.1500000000",True,True
2025-07-18,"EA,JMIA,OKLO,RKLB","EA,JMIA,OKLO,RKLB","0.1500000000,0.1500000000,0.1500000000,0.1500000000","0.1500000000,0.1500000000,0.1500000000,0.1500000000",True,True
2025-07-25,"EA,JMIA,OKLO,RKLB","EA,JMIA,OKLO,RKLB","0.1500000000,0.1500000000,0.1500000000,0.1500000000","0.1500000000,0.1500000000,0.1500000000,0.1500000000",True,True
2025-08-01,"ASTS,JMIA,OKLO,RKLB","ASTS,JMIA,OKLO,RKLB","0.1500000000,0.1500000000,0.1500000000,0.1500000000","0.1500000000,0.1500000000,0.1500000000,0.1500000000",True,True
2025-08-08,"ASTS,JMIA,OKLO,RKLB","ASTS,JMIA,OKLO,RKLB","0.1500000000,0.1500000000,0.1500000000,0.1500000000","0.1500000000,0.1500000000,0.1500000000,0.1500000000",True,True
2025-08-15,"ASTS,JMIA,OKLO,RKLB","ASTS,JMIA,OKLO,RKLB","0.1500000000,0.1500000000,0.1500000000,0.1500000000","0.1500000000,0.1500000000,0.1500000000,0.1500000000",True,True
2025-08-22,"ASTS,JMIA,OKLO,RKLB","ASTS,JMIA,OKLO,RKLB","0.1500000000,0.1500000000,0.1500000000,0.1500000000","0.1500000000,0.1500000000,0.1500000000,0.1500000000",True,True
2025-08-29,"JMIA,MDB,OKLO,RKLB","JMIA,MDB,OKLO,RKLB","0.1500000000,0.1500000000,0.1500000000,0.1500000000","0.1500000000,0.1500000000,0.1500000000,0.1500000000",True,True
2025-09-08,"JMIA,MDB,RKLB","JMIA,MDB,RKLB","0.2000000000,0.2000000000,0.2000000000","0.2000000000,0.2000000000,0.2000000000",True,True
2025-09-15,"JMIA,KEEL,MDB,RKLB","JMIA,KEEL,MDB,RKLB","0.1500000000,0.1500000000,0.1500000000,0.1500000000","0.1500000000,0.1500000000,0.1500000000,0.1500000000",True,True
2025-09-22,"JMIA,KEEL,MDB,RKLB","JMIA,KEEL,MDB,RKLB","0.1500000000,0.1500000000,0.1500000000,0.1500000000","0.1500000000,0.1500000000,0.1500000000,0.1500000000",True,True
2025-09-29,"JMIA,KEEL,MDB,RKLB","JMIA,KEEL,MDB,RKLB","0.1500000000,0.1500000000,0.1500000000,0.1500000000","0.1500000000,0.1500000000,0.1500000000,0.1500000000",True,True
2025-10-06,"JMIA,KEEL,MDB,RGTI","JMIA,KEEL,MDB,RGTI","0.1500000000,0.1500000000,0.1500000000,0.1500000000","0.1500000000,0.1500000000,0.1500000000,0.1500000000",True,True
2025-10-13,"JMIA,KEEL,MDB,RGTI","JMIA,KEEL,MDB,RGTI","0.1500000000,0.1500000000,0.1500000000,0.1500000000","0.1500000000,0.1500000000,0.1500000000,0.1500000000",True,True
2025-10-20,"JMIA,KEEL,MDB,RGTI","JMIA,KEEL,MDB,RGTI","0.1375042039,0.1375042039,0.1375042039,0.1375042039","0.1375042039,0.1375042039,0.1375042039,0.1375042039",True,True
2025-10-27,"JMIA,KEEL,MDB,RGTI","JMIA,KEEL,MDB,RGTI","0.1371279156,0.1371279156,0.1371279156,0.1371279156","0.1371279156,0.1371279156,0.1371279156,0.1371279156",True,True
2025-11-03,"JMIA,KEEL,MDB,RGTI","JMIA,KEEL,MDB,RGTI","0.1334073567,0.1334073567,0.1334073567,0.1334073567","0.1334073567,0.1334073567,0.1334073567,0.1334073567",True,True
2025-11-10,"JMIA,KEEL,MDB,MU","JMIA,KEEL,MDB,MU","0.1307339221,0.1307339221,0.1307339221,0.1307339221","0.1307339221,0.1307339221,0.1307339221,0.1307339221",True,True
2025-11-17,"JMIA,MDB,MU,WBD","JMIA,MDB,MU,WBD","0.1259424918,0.1259424918,0.1259424918,0.1259424918","0.1259424918,0.1259424918,0.1259424918,0.1259424918",True,True
2025-11-24,"JMIA,MDB,MU,WBD","JMIA,MDB,MU,WBD","0.1259476824,0.1259476824,0.1259476824,0.1259476824","0.1259476824,0.1259476824,0.1259476824,0.1259476824",True,True
2025-12-02,"JMIA,KEEL,MDB,WBD","JMIA,KEEL,MDB,WBD","0.1250199208,0.1250199208,0.1250199208,0.1250199208","0.1250199208,0.1250199208,0.1250199208,0.1250199208",True,True
2025-12-09,"ASTS,INTC,MDB,WBD","ASTS,INTC,MDB,WBD","0.1256438958,0.1256438958,0.1256438958,0.1256438958","0.1256438958,0.1256438958,0.1256438958,0.1256438958",True,True
2025-12-16,"ASTS,INTC,MDB,WBD","ASTS,INTC,MDB,WBD","0.1211598963,0.1211598963,0.1211598963,0.1211598963","0.1211598963,0.1211598963,0.1211598963,0.1211598963",True,True
2025-12-23,"ASTS,MDB,RKLB,WBD","ASTS,MDB,RKLB,WBD","0.1197421196,0.1197421196,0.1197421196,0.1197421196","0.1197421196,0.1197421196,0.1197421196,0.1197421196",True,True
2025-12-31,"ASTS,MDB,RKLB,WBD","ASTS,MDB,RKLB,WBD","0.1278397606,0.1278397606,0.1278397606,0.1278397606","0.1278397606,0.1278397606,0.1278397606,0.1278397606",True,True
2026-01-08,"MDB,MU,RKLB,WBD","MDB,MU,RKLB,WBD","0.1500000000,0.1500000000,0.1500000000,0.1500000000","0.1500000000,0.1500000000,0.1500000000,0.1500000000",True,True
2026-01-15,"MDB,MU,RKLB,WBD","MDB,MU,RKLB,WBD","0.1500000000,0.1500000000,0.1500000000,0.1500000000","0.1500000000,0.1500000000,0.1500000000,0.1500000000",True,True
2026-01-23,"MDB,MRNA,MU,WBD","MDB,MRNA,MU,WBD","0.1500000000,0.1500000000,0.1500000000,0.1500000000","0.1500000000,0.1500000000,0.1500000000,0.1500000000",True,True
2026-01-30,"MRNA,MU,WBD","MRNA,MU,WBD","0.2000000000,0.2000000000,0.2000000000","0.2000000000,0.2000000000,0.2000000000",True,True
2026-02-06,"MRNA,MU,WBD","MRNA,MU,WBD","0.2000000000,0.2000000000,0.2000000000","0.2000000000,0.2000000000,0.2000000000",True,True
2026-02-13,"MRNA,MU,WBD","MRNA,MU,WBD","0.2000000000,0.2000000000,0.2000000000","0.2000000000,0.2000000000,0.2000000000",True,True
2026-02-23,"MRNA,MU,WBD","MRNA,MU,WBD","0.2000000000,0.2000000000,0.2000000000","0.2000000000,0.2000000000,0.2000000000",True,True
2026-03-02,"MRNA,MU,WBD","MRNA,MU,WBD","0.2000000000,0.2000000000,0.2000000000","0.2000000000,0.2000000000,0.2000000000",True,True
2026-03-09,"MRNA,MU,PBR","MRNA,MU,PBR","0.2000000000,0.2000000000,0.2000000000","0.2000000000,0.2000000000,0.2000000000",True,True
2026-03-16,"MRNA,MU,PBR","MRNA,MU,PBR","0.2000000000,0.2000000000,0.2000000000","0.2000000000,0.2000000000,0.2000000000",True,True
2026-03-23,"MRNA,MU,PBR","MRNA,MU,PBR","0.2000000000,0.2000000000,0.2000000000","0.2000000000,0.2000000000,0.2000000000",True,True
2026-03-30,"MRNA,PBR,VIST","MRNA,PBR,VIST","0.2000000000,0.2000000000,0.2000000000","0.2000000000,0.2000000000,0.2000000000",True,True
2026-04-07,"MRNA,PBR,VIST","MRNA,PBR,VIST","0.2000000000,0.2000000000,0.2000000000","0.2000000000,0.2000000000,0.2000000000",True,True
2026-04-14,"MRNA,MRVL,PBR,VIST","MRNA,MRVL,PBR,VIST","0.1500000000,0.1500000000,0.1500000000,0.1500000000","0.1500000000,0.1500000000,0.1500000000,0.1500000000",True,True
2026-04-21,"INTC,MRVL,PBR,VIST","INTC,MRVL,PBR,VIST","0.1500000000,0.1500000000,0.1500000000,0.1500000000","0.1500000000,0.1500000000,0.1500000000,0.1500000000",True,True
2026-04-28,"INTC,MRVL,PBR,VIST","INTC,MRVL,PBR,VIST","0.1500000000,0.1500000000,0.1500000000,0.1500000000","0.1500000000,0.1500000000,0.1500000000,0.1500000000",True,True
2026-05-05,"INTC,MRVL,PBR,VIST","INTC,MRVL,PBR,VIST","0.1500000000,0.1500000000,0.1500000000,0.1500000000","0.1500000000,0.1500000000,0.1500000000,0.1500000000",True,True
2026-05-12,"AMD,INTC,MRVL,PBR","AMD,INTC,MRVL,PBR","0.1500000000,0.1500000000,0.1500000000,0.1500000000","0.1500000000,0.1500000000,0.1500000000,0.1500000000",True,True
2026-05-19,"AMD,DDOG,INTC,MRVL","AMD,DDOG,INTC,MRVL","0.1500000000,0.1500000000,0.1500000000,0.1500000000","0.1500000000,0.1500000000,0.1500000000,0.1500000000",True,True
2026-05-27,"AMD,INTC,KEEL,MRVL","AMD,INTC,KEEL,MRVL","0.1500000000,0.1500000000,0.1500000000,0.1500000000","0.1500000000,0.1500000000,0.1500000000,0.1500000000",True,True
2026-06-03,"AMD,INTC,KEEL,MRVL","AMD,INTC,KEEL,MRVL","0.1500000000,0.1500000000,0.1500000000,0.1500000000","0.1500000000,0.1500000000,0.1500000000,0.1500000000",True,True
2026-06-10,"AMD,INTC,KEEL,MRVL","AMD,INTC,KEEL,MRVL","0.1500000000,0.1500000000,0.1500000000,0.1500000000","0.1500000000,0.1500000000,0.1500000000,0.1500000000",True,True
