date,ticker,selected,weight,expected_daily_return,expected_total_return,target_price,current_price,target_confidence,signal_strength,quality_score,regime,realized_return_5d,realized_return_10d,realized_return_20d
2022-06-15,AAPL,False,0.0,-5.0176643694117074e-05,-0.0010030546557083797,142.7800112136092,135.42999267578125,0.5,0.16222671374605732,0.5,risk_off,0.020970329692615808,0.00952527958862226,0.10883856080869436
2022-06-15,MSFT,False,0.0,-3.740089688544528e-05,-0.0007477522201940756,267.0830661408286,251.75999450683594,0.5,0.16223603625613153,0.5,risk_off,0.028201425959809345,0.02013819580573606,0.01970132992568252
2022-06-15,NVDA,True,0.2499850130701057,7.205601274308843e-05,0.001442107174595586,17.917302154189287,16.527000427246094,0.5,0.16211692791260898,0.5,risk_off,-0.01827313111691431,-0.08277364283613864,-0.04628791211632022
2022-06-15,AMZN,False,0.0,5.335757414734352e-05,0.0010676925919992364,115.88350425582406,107.66999816894531,0.5,0.3228466413557495,0.5,risk_off,0.04430207442723555,-0.013559943431797672,0.05461135862179711
2022-06-15,GOOGL,False,0.0,1.9285337646880117e-05,0.000385777426721301,116.58425368827568,109.7645034790039,0.5,0.28784763143844017,0.5,risk_off,0.022570987957019506,-0.007302051365210116,0.018339197054462852
2022-06-15,META,False,0.0,-4.764418590651125e-05,-0.0009524525473918466,182.19176959551717,169.35000610351562,0.5,0.16213424251582834,0.5,risk_off,-0.06259229832584912,-0.04782997231523256,-0.02745798044099923
2022-06-15,TSLA,False,0.0,-3.581189042889329e-05,-0.0007159941875440889,253.8832239069795,233.0,0.5,0.0,0.5,risk_off,0.00888415160608913,-0.03659516035743027,0.030329037121948677
2022-06-15,SPY,False,0.0,-8.373560141695675e-05,-0.0016733804837435473,397.3991298234063,379.20001220703125,0.5,0.162295108925317,0.5,risk_off,-0.003006367646990138,-0.0051424370892863,0.015638165835669016
2022-06-15,QQQ,False,0.0,4.2474052053704385e-05,0.0008498238970111593,298.5153646651463,282.79998779296875,0.5,0.16223323832544045,0.5,risk_off,0.007249004239871626,-0.008910852625342747,0.03207216306833316
2022-06-15,AVGO,False,0.0,1.4810094069812072e-05,0.0002962435594875412,55.4960189955037,52.67100143432617,0.5,0.16222513629309482,0.5,risk_off,-0.05720416180121557,-0.07765183955515986,-0.06122918116222864
2022-06-15,AMD,False,0.0,3.686423120495547e-05,0.0007375428858125144,96.25596641868506,89.30000305175781,0.5,0.16212644218872777,0.5,risk_off,-0.07693171905716745,-0.14367302791264724,-0.09171335007300463
2022-06-15,NFLX,False,0.0,-7.933173989656011e-06,-0.00015865152266403282,20.053938075806283,18.01099967956543,0.5,0.21674652304968978,0.5,risk_off,0.0088834517938301,-0.02909334168947819,0.04996944281506921
2022-06-15,COST,False,0.0,-7.376113797962702e-05,-0.0014741894829052304,488.18865048233334,458.7900085449219,0.5,1.0,0.5,risk_off,0.03533204985542082,0.04466093387552217,0.13984612233731153
2022-06-15,ADBE,False,0.0,4.940107335334972e-05,0.0009884852930859278,401.6908349655576,376.9200134277344,0.5,0.16215786307900454,0.5,risk_off,-0.0007428599419556647,-0.02881252117758082,0.007799988907704503
2022-06-15,PEP,True,0.24999999999999997,6.282792268407953e-05,0.001257308732574236,163.83833979404704,157.7899932861328,0.5,0.16241030642651896,0.5,risk_off,0.03998994287261537,0.056214023406996994,0.08447938651522957
2022-06-15,CSCO,False,0.0,5.630206248703947e-06,0.00011261014803132241,46.095882788805184,43.79999923706055,0.5,0.8469222747168207,0.5,risk_off,-0.019862989658425256,-0.026484015242415726,-0.01666665650575294
2022-06-15,INTC,True,1.3391762006727725e-06,5.807727715834151e-05,0.0011621866308630935,40.687201842510305,38.650001525878906,0.5,0.16223082430839653,0.5,risk_off,-0.032082836468622866,-0.032082836468622866,-0.0007762637208190704
2022-06-15,AMAT,False,0.0,4.890584556838199e-05,0.0009785714832724057,103.5658274909563,97.41999816894531,0.5,0.16217249228600764,0.5,risk_off,-0.042496401842144094,-0.06610547046863524,-0.030281225658886912
2022-06-15,QCOM,False,0.0,-0.00010411978102332086,-0.0020803371302058338,140.3566693630759,131.02999877929688,0.5,0.16218148021705958,0.5,risk_off,-0.08349234941101746,-0.02510876094159875,0.10180871908852063
2022-06-15,TXN,True,1.364775369364131e-05,8.890526605345962e-05,0.0017796079102776474,162.74178997328036,155.9199981689453,0.5,0.162308137448852,0.5,risk_off,-0.03065673958075321,-0.014558775648530364,0.02963054881633309
2022-06-15,CCJ,False,0.0,-5.441017136280172e-05,-0.0010876411221613091,24.417533885165543,22.510000228881836,0.5,0.7382918032160596,0.5,risk_off,-0.06041761868161111,-0.06619279235752273,-0.005331001244479272
2022-06-15,YPF,False,0.0,-3.63217302511162e-06,-7.264095394776682e-05,3.9734953473256303,3.75,0.5,0.16215700435486566,0.5,risk_off,-0.13866666158040364,-0.1306666692097982,-0.2079999923706055
2022-06-15,VIST,False,0.0,-2.0494151234635476e-05,-0.0004098032325596801,8.708716925315356,8.09000015258789,0.5,0.41323033176122853,0.5,risk_off,-0.13967862708623624,-0.08652660975270487,-0.23856616424888422
2022-06-23,AAPL,True,0.24998841768456437,8.626980689326432e-05,0.0017268109412047483,148.59386258736302,138.27000427246094,0.5,0.4109329097039461,0.5,risk_off,-0.011209973268703544,0.06342654764362798,0.114413767097717
2022-06-23,MSFT,False,0.0,4.557060831173097e-05,0.0009118068434061932,278.16978793268026,258.8599853515625,0.5,0.4109467930857412,0.5,risk_off,-0.007842072526350052,0.033995282424958084,0.005794638356186432
2022-06-23,NVDA,False,0.0,-1.0349983884767236e-05,-0.00020697932574653688,17.942789013704637,16.225000381469727,0.5,0.41086826420888045,0.5,risk_off,-0.06570107609727205,-0.0238520847349456,0.0674268004283276
2022-06-23,AMZN,True,1.0559979093010621e-05,9.337680334844774e-05,0.0018691936487014171,125.23867210612131,112.44000244140625,0.5,0.6384027006905403,0.5,risk_off,-0.05540735700517363,0.027570245524821457,0.0887584090256468
2022-06-23,GOOGL,False,0.0,5.8098345478019366e-05,0.0011626084625502298,122.57535260291391,112.24199676513672,0.5,0.4109380811577556,0.5,risk_off,-0.02921365819493127,0.06335866971392923,-0.03868423018474376
2022-06-23,META,False,0.0,5.772508924203691e-05,0.0011551351194991621,170.89561356881669,158.75,0.5,0.41087524797512853,0.5,risk_off,0.015748031496062964,0.07640947957677158,0.06626774344857278
2022-06-23,TSLA,False,0.0,5.924003796680347e-06,0.00011848674399539405,268.29785410462966,235.07000732421875,0.5,0.41085851017086505,0.5,risk_off,-0.045078824849333454,0.0667602346894769,0.15813731520618424
2022-06-23,SPY,False,0.0,-5.3468201019608115e-05,-0.001068821013390897,399.4423351933968,378.05999755859375,0.5,0.10394151215455341,0.5,risk_off,-0.0021425106168980745,0.028064370569901964,0.04504575699431812
2022-06-23,QQQ,False,0.0,-9.321266412162252e-05,-0.0018626033711963697,305.67393444239406,284.8500061035156,0.5,0.4109473844924164,0.5,risk_off,-0.016043557052120905,0.036861505265982863,0.060171963361765446
2022-06-23,AVGO,False,0.0,4.712923407057914e-05,0.0009430068220686039,52.91176891601355,49.65800094604492,0.5,0.4109319470125929,0.5,risk_off,-0.021688341129092903,0.00424903401539467,0.032099519210493366
2022-06-23,AMD,False,0.0,-5.977904935024458e-05,-0.0011949022588726432,89.01272769258765,82.43000030517578,0.5,0.4108699797576173,0.5,risk_off,-0.07230376152380569,-0.03736505907620735,0.06878561382935344
2022-06-23,NFLX,False,0.0,-2.9499611219515383e-05,-0.0005898269105111265,20.529622561852584,18.17099952697754,0.5,0.41083499377773647,0.5,risk_off,-0.037642399045979213,0.029002280610028297,0.21314188539176215
2022-06-23,COST,False,0.0,1.107099455158403e-05,0.00022144318029293508,523.7613827956036,475.0,0.5,1.0,0.5,risk_off,0.009010523745888177,0.05587370219983545,0.11519993832236852
2022-06-23,ADBE,False,0.0,1.1279882823983374e-05,0.00022562183291019444,402.181673400993,376.6400146484375,0.5,0.2100178342981926,0.5,risk_off,-0.028090528564043593,0.03398467314981524,0.06706663728129092
2022-06-23,PEP,False,0.0,4.104848842977451e-05,0.0008212899933526252,173.48276867544917,164.10000610351562,0.5,0.41104187042518914,0.5,risk_off,0.015600228296023921,0.04741010658091738,0.03357705241863429
2022-06-23,CSCO,False,0.0,-6.349374853706906e-05,-0.0012691092858118092,46.042516354937504,42.93000030517578,0.5,0.41093234012443947,0.5,risk_off,-0.006755204133841564,0.010715096231135979,0.03563938430982061
2022-06-23,INTC,False,0.0,-1.9761556502207908e-05,-0.0003951569402087518,39.293544116002394,37.40999984741211,0.5,0.0,0.5,risk_off,0.0,0.015503924977824157,0.04784819360674675
2022-06-23,AMAT,False,0.0,1.7545655033433143e-05,0.00035097159833075153,99.36034493774714,93.27999877929688,0.5,0.4108899687890277,0.5,risk_off,-0.024656898075279043,-0.022405621411248244,0.08994424849317828
2022-06-23,QCOM,True,1.0223363425820864e-06,8.072314131965934e-05,0.0016157015091022853,128.73851587294573,120.08999633789062,0.5,0.4109004191491137,0.5,risk_off,0.06370223798120977,0.13256723003098525,0.27987344187924657
2022-06-23,TXN,False,0.0,4.401065876374133e-05,0.0008805812907106692,157.7569149805492,151.13999938964844,0.5,0.06846512695629361,0.5,risk_off,0.0166070829493985,0.029045913771183374,0.08442500038616418
2022-06-23,CCJ,True,0.25,8.623487485581805e-05,0.0017261111546373886,22.70589115349098,21.149999618530273,0.5,0.41087730332645345,0.5,risk_off,-0.00614653253481412,0.0529551233775023,0.06524827862910065
2022-06-23,YPF,False,0.0,3.629007588673917e-05,0.0007260517964535751,3.432672292618549,3.2300000190734863,0.5,0.4108764932620816,0.5,risk_off,0.00928791678409202,-0.018575833568184263,-0.09907118617745048
2022-06-23,VIST,False,0.0,2.272320667251548e-05,0.0004545622522102999,7.446110721681329,6.960000038146973,0.5,0.4108711535972746,0.5,risk_off,0.06178158419279356,-0.00862068138659311,-0.12499998287222858
2022-06-30,AAPL,True,0.1712548930198245,8.967964661912574e-05,0.0017951218183283046,144.7139887660022,136.72000122070312,0.5,0.1913353559052593,0.5,risk_off,0.07548267973440415,0.09837622021762749,0.18863365312951386
2022-06-30,MSFT,False,0.0,4.954366149630297e-05,0.0009913397377225852,272.7281568782879,256.8299865722656,0.5,0.2353786096977903,0.5,risk_off,0.04216803977753769,-0.0004282418615925154,0.09309661999060093
2022-06-30,NVDA,False,0.0,-9.336584126574897e-06,-0.00018671512081736008,16.386979211610605,15.159000396728516,0.5,0.5094335526978228,0.5,risk_off,0.04479186509978628,0.03977832781935664,0.19816608163235516
2022-06-30,AMZN,True,0.0,7.592911008598946e-05,0.00151967809456921,113.63847885553146,106.20999908447266,0.5,0.5094492124020401,0.5,risk_off,0.08784485370001938,0.06910840815889085,0.27059597129750057
2022-06-30,GOOGL,False,0.0,5.316593458720617e-05,0.0010638559202569287,116.38831113235152,108.96299743652344,0.5,0.509494599691757,0.5,risk_off,0.09535808645260979,0.025829859379619124,0.06751835422466801
2022-06-30,META,False,0.0,6.228428927688157e-05,0.0012464231342685927,173.8388981305622,161.25,0.5,0.23946344790377047,0.5,risk_off,0.05972096051356579,0.02139532991157944,-0.013333295482073626
2022-06-30,TSLA,False,0.0,5.147464682878805e-06,0.0001029543281290124,244.27011670782232,224.47332763671875,0.5,0.7306135322398162,0.5,risk_off,0.11711862973523912,0.06946632892586302,0.32376526434081954
2022-06-30,SPY,False,0.0,-5.8009589265092924e-05,-0.0011595526364193143,395.19139630937116,377.25,0.5,0.054800420718307694,0.5,risk_off,0.03027173870837485,0.020888018244698436,0.0920874492627568
2022-06-30,QQQ,False,0.0,-9.321952549376916e-05,-0.0018627403557985867,295.62710838629437,280.2799987792969,0.5,0.43605772634610035,0.5,risk_off,0.05376768727648473,0.0413514927514218,0.1255173142179271
2022-06-30,AVGO,False,0.0,4.5523935712191735e-05,0.0009108725832760456,51.199454184586564,48.58100128173828,0.5,0.3166330782229031,0.5,risk_off,0.026512384789957988,0.017805270392701633,0.1022415949220501
2022-06-30,AMD,False,0.0,-5.379351639947843e-05,-0.0010753206943487914,82.489780537478,76.47000122070312,0.5,0.5094370930811607,0.5,risk_off,0.03766179164958938,0.060677380875890696,0.23538642229191908
2022-06-30,NFLX,False,0.0,-2.8074379645439197e-05,-0.000561337865681133,19.312701680845155,17.48699951171875,0.5,0.509403810021312,0.5,risk_off,0.0692514711682437,0.08143191091317137,0.28609826723256315
2022-06-30,COST,False,0.0,1.2919563272648924e-05,0.0002584229817812478,524.4089680968965,479.2799987792969,0.5,0.5094816291294052,0.5,risk_off,0.046444687494408665,0.09111586867584665,0.12940241439583078
2022-06-30,ADBE,False,0.0,1.085425230979781e-05,0.00021710743246550201,386.7857603573285,366.05999755859375,0.5,0.01348281530973311,0.5,risk_off,0.06386932480670793,0.03769870481616833,0.12036277619092006
2022-06-30,PEP,False,0.0,4.76696827117537e-05,0.0009538255334955448,177.18086158683568,166.66000366210938,0.5,1.0,0.5,risk_off,0.031321259486386976,0.026761018583201457,0.04980200929663625
2022-06-30,CSCO,False,0.0,-6.550895757066103e-05,-0.0013093641013385282,45.342374455022316,42.63999938964844,0.5,0.5094943001896787,0.5,risk_off,0.017589118450646035,0.010084435068734354,0.06402438042480552
2022-06-30,INTC,False,0.0,-2.086468713646655e-05,-0.0004172110394010664,39.27257011072284,37.40999984741211,0.5,0.03359837443379506,0.5,risk_off,0.015503924977824157,0.03234426862892281,-0.02940386203174994
2022-06-30,AMAT,False,0.0,1.7501566434789458e-05,0.00035008953272419596,96.8970783520394,90.9800033569336,0.5,0.12678014606941146,0.5,risk_off,0.0023081894561904903,0.03836005424266187,0.16487139422441932
2022-06-30,QCOM,True,0.1611464834220725,0.00011310419783087415,0.0022645161931846847,136.1208968776242,127.73999786376953,0.5,0.5094678956071974,0.5,risk_off,0.064740854715577,0.13018629663007597,0.13558791282661065
2022-06-30,TXN,False,0.0,5.019809587841576e-05,0.0010044408330782684,160.3330264543567,153.64999389648438,0.5,0.0,0.5,risk_off,0.012235632655339224,0.04484217158049675,0.16426948581702194
2022-06-30,CCJ,True,0.16759862355810298,8.806805164860968e-05,0.001762835448472888,22.596880727857158,21.020000457763672,0.5,0.5094414751747336,0.5,risk_off,0.05946717282483771,0.06517597060178759,0.22597525673438335
2022-06-30,YPF,False,0.0,3.8526337693041767e-05,0.000770808832011749,3.461189367319709,3.259999990463257,0.5,0.03461821197373796,0.5,risk_off,-0.027607335715520098,-0.08895704377343183,0.1380368248466679
2022-06-30,VIST,False,0.0,2.805245974737087e-05,0.0005611987388107753,7.9217376728446895,7.389999866485596,0.5,0.19206971039109932,0.5,risk_off,-0.06630578889999217,-0.166441142259239,0.18809200156949757
2022-07-08,AAPL,False,0.0,2.082819741127437e-05,0.0004166463831494216,158.4202381019301,147.0399932861328,0.5,0.5350392919609024,0.5,risk_off,0.02128675888009357,0.047946160049387565,0.12452403191934591
2022-07-08,MSFT,True,0.11157326334107485,0.0001261963269521995,0.0025269546788342367,287.0532211035986,267.6600036621094,0.5,0.686938209008753,0.5,risk_off,-0.040872757572015805,-0.027273474597132252,0.056975266350408615
2022-07-08,NVDA,False,0.0,2.945588034105165e-05,0.0005892824892492765,17.110125075902765,15.838000297546387,0.5,0.24424331673228583,0.5,risk_off,-0.00479859907786595,0.09350927634618578,0.19895188557209043
2022-07-08,AMZN,False,0.0,-1.71317494832265e-05,-0.00034257923099711984,125.24940445828688,115.54000091552734,0.5,0.3034662882156908,0.5,risk_off,-0.0172234537649385,0.05954645316688212,0.21862560096999095
2022-07-08,GOOGL,True,0.10897380406590639,0.00014910049171038648,0.0029862374970612837,129.42215444343148,119.35350036621094,0.5,0.5370969870143678,0.5,risk_off,-0.06347534010376699,-0.09596282308595383,-0.015780845469371974
2022-07-08,META,False,0.0,4.5248720191570806e-05,0.0009053635243363445,184.32386351563156,170.8800048828125,0.5,0.30346256833946034,0.5,risk_off,-0.036165775737240224,-0.009421819781990748,-0.02206229028988127
2022-07-08,TSLA,False,0.0,0.00012005325030926687,0.0024038054084867255,280.86341296464116,250.76333618164062,0.5,0.3239720892755436,0.5,risk_off,-0.04265643732095836,0.08565849901904743,0.14917123777216856
2022-07-08,SPY,False,0.0,8.722195419973334e-06,0.0001744583637264263,409.5250263603034,388.6700134277344,0.5,0.6512875247381513,0.5,risk_off,-0.009108005306872169,0.016517824088196464,0.0638073093786018
2022-07-08,QQQ,False,0.0,-7.09942983666463e-05,-0.0014189287389542171,314.77214715973224,295.3500061035156,0.5,0.5677790824113348,0.5,risk_off,-0.011782667731208507,0.022481747058207713,0.08938545234778683
2022-07-08,AVGO,False,0.0,-0.00010817707656851741,-0.0021613195406740005,52.55653204583091,49.86899948120117,0.5,0.2218771920650443,0.5,risk_off,-0.008482230245120848,0.027732648229434664,0.10577716779474167
2022-07-08,AMD,False,0.0,3.701081322786407e-05,0.0007404765844190031,85.63946914951742,79.3499984741211,0.5,0.11857258802182402,0.5,risk_off,0.022180241588844796,0.11027095360126182,0.289350970711874
2022-07-08,NFLX,False,0.0,-7.827314855634291e-05,-0.0015642994473387128,20.737028608462488,18.697999954223633,0.5,0.30344861221806047,0.5,risk_off,0.011391557620790138,0.1789496566252211,0.21285696609156846
2022-07-08,COST,False,0.0,-8.369071993129189e-05,-0.001672484280680564,551.1633868054212,501.5400085449219,0.5,0.48052697547413203,0.5,risk_off,0.042688525934799326,0.05618686780334725,0.0780196468847203
2022-07-08,ADBE,False,0.0,8.3708011134488e-06,0.00016742933629543266,412.15600259840693,389.44000244140625,0.5,0.30348131689593794,0.5,risk_off,-0.024599468544028502,0.03199463685539805,0.11295704077290725
2022-07-08,PEP,True,0.1649258911432105,0.0006955051311119758,0.014002395497828335,184.3017553906163,171.8800048828125,0.5,1.0,0.5,risk_off,-0.0044217462417642794,-0.01320691300892518,0.015534082459246479
2022-07-08,CSCO,False,0.0,1.5252257019138723e-05,0.0003050893443834468,46.393687267447106,43.38999938964844,0.5,0.3034846507001527,0.5,risk_off,-0.007374964261939176,0.02466005323520437,0.03733576756563051
2022-07-08,INTC,False,0.0,2.0554734773175067e-05,0.0004111749798167974,40.11857000814417,37.9900016784668,0.5,0.32944730356521723,0.5,risk_off,0.016583238367558595,0.03185046146387771,-0.0684391201354454
2022-07-08,AMAT,False,0.0,-5.412503349298942e-05,-0.0010819442419196523,97.12390879481528,91.19000244140625,0.5,0.09093395978388243,0.5,risk_off,0.03596884188488114,0.11492483218511751,0.20210549195914207
2022-07-08,QCOM,False,0.0,-3.610752007393208e-05,-0.0007219027420640733,147.2055112173392,136.00999450683594,0.5,0.3034742521602833,0.5,risk_off,0.06146607564145867,0.13006398908807504,0.10440418190236422
2022-07-08,TXN,False,0.0,3.070325799117495e-05,0.0006142443039327539,163.95071773129396,155.52999877929688,0.5,0.30350519958566213,0.5,risk_off,0.03221239983384372,0.05381595308224019,0.18498041855762315
2022-07-08,CCJ,True,0.11452704144980827,0.00014054092268735738,0.002814574452877583,23.939996411751306,22.270000457763672,0.5,0.24599180843734844,0.5,risk_off,0.005388366835122005,0.011674909004826484,0.15716209825132021
2022-07-08,YPF,False,0.0,3.383515678626601e-05,0.0006769206952799145,3.369324641944689,3.1700000762939453,0.5,0.0,0.5,risk_off,-0.0630914961735699,-0.08201892246236897,0.182965271213537
2022-07-08,VIST,False,0.0,0.00010802800119637488,0.0021627787710964963,7.409185597844189,6.900000095367432,0.5,0.29386542682985944,0.5,risk_off,-0.10724641126485612,-0.11739129443249774,0.24637684965303874
2022-07-15,AAPL,True,0.1875,0.0008017670393301545,0.016158068123315328,166.0644159251422,150.1699981689453,0.5,1.0,0.5,neutral,0.026103737209447253,0.08217351327398825,0.14603454885774503
2022-07-15,MSFT,False,0.0,-4.91936759329943e-05,-0.0009834138509760004,277.2836886853369,256.7200012207031,0.5,0.21653233433770797,0.5,neutral,0.014178810040321288,0.0935649302721131,0.13707542175941834
2022-07-15,NVDA,False,0.0,1.1709846938853674e-05,0.00023422299350372988,17.232257420217596,15.76200008392334,0.5,0.1287313694245574,0.5,neutral,0.09878189011084748,0.15232838536380378,0.1869686292459518
2022-07-15,AMZN,False,0.0,8.852225227122899e-05,0.0017719347124534046,125.92438966690987,113.55000305175781,0.5,0.1287418124756972,0.5,neutral,0.07811532257858622,0.18846317323945772,0.2642007855017454
2022-07-15,GOOGL,True,0.06407536258151156,4.6126184687912375e-05,0.000922928054394756,121.22408967724643,111.77749633789062,0.5,0.3947531218256632,0.5,neutral,-0.03468940474646609,0.04063880034673639,0.08859121282651583
2022-07-15,META,False,0.0,-1.1391374458101403e-05,-0.000227802835797708,180.80173318906543,164.6999969482422,0.5,0.0755489050321526,0.5,neutral,0.027747464534895627,-0.03400115937152315,0.09593201787807581
2022-07-15,TSLA,False,0.0,0.00013174760521687055,0.0026382526247326066,268.5102206525583,240.06666564941406,0.5,0.12872457536896978,0.5,neutral,0.13403227570771747,0.237781151717386,0.24977783969995815
2022-07-15,SPY,False,0.0,6.67173109964878e-05,0.001335192286495701,412.5700722758125,385.1300048828125,0.5,0.12882715294258426,0.5,neutral,0.02586137493522167,0.06974264536915387,0.1089761916459191
2022-07-15,QQQ,True,0.060924637418488456,0.00012491394340132924,0.002501245754894077,316.2109279852669,291.8699951171875,0.5,0.40897599133545504,0.5,neutral,0.034672954693832914,0.08082364317174529,0.1319766340345605
2022-07-15,AVGO,False,0.0,7.025201259838669e-06,0.0001405134027481214,52.57082460855117,49.44599914550781,0.5,0.12877923027902677,0.5,neutral,0.03652468929881958,0.08295921330488909,0.1289690334155944
2022-07-15,AMD,False,0.0,-4.9265652289398876e-05,-0.0009848520322175425,87.65377434298952,81.11000061035156,0.5,0.12873301554676617,0.5,neutral,0.08617923574368014,0.16471459141681355,0.24312663139329804
2022-07-15,NFLX,False,0.0,-8.688546958735612e-05,-0.001736275813086774,21.610550398588426,18.910999298095703,0.5,0.12870580897729036,0.5,neutral,0.1656708499709021,0.18925496303005307,0.3182804309916176
2022-07-15,COST,True,0.1875,0.0009707065511799934,0.019594209590835465,583.973560703864,522.9500122070312,0.5,0.9735131401929372,0.5,neutral,0.012945708649134913,0.03508934918749529,0.027268399335995452
2022-07-15,ADBE,False,0.0,5.269913827372877e-05,0.0010545106001995652,411.32506612990693,379.8599853515625,0.5,0.10301241525795099,0.5,neutral,0.05802140102891795,0.07966095649063742,0.17324811934393236
2022-07-15,PEP,False,0.0,-0.00018633800748074725,-0.0037201703675032727,185.48397154548724,171.1199951171875,0.5,0.12885911554753715,0.5,neutral,-0.00882418507435001,0.022440461116481236,0.036290362851018054
2022-07-15,CSCO,False,0.0,-4.8106939499458546e-05,-0.0009616992041324712,46.2292633426807,43.06999969482422,0.5,0.10299955365295196,0.5,neutral,0.03227302993957237,0.05340142218150379,0.08219180266102377
2022-07-15,INTC,False,0.0,7.915592139221036e-06,0.0001583237481053157,41.51349626952429,38.619998931884766,0.5,0.3067376597214349,0.5,neutral,0.015018173151108982,-0.05981350653758333,-0.06499219034055803
2022-07-15,AMAT,False,0.0,1.3457982711291294e-05,0.00026919406929271084,102.2899517131903,94.47000122070312,0.5,0.1287515302441091,0.5,neutral,0.0762146380354265,0.12183764144705078,0.1684132087131609
2022-07-15,QCOM,False,0.0,3.847201780517579e-05,0.0007697216392994477,160.7757291627935,144.3699951171875,0.5,0.6012761552718366,0.5,neutral,0.06462562960871043,0.00477940337149807,0.047932384865208455
2022-07-15,TXN,False,0.0,-0.00010776583945264044,-0.002153111654680795,172.83635637119357,160.5399932861328,0.5,0.7718046589192237,0.5,neutral,0.020929368075673027,0.11430177445448209,0.1547278724025294
2022-07-15,CCJ,False,0.0,-4.074490414805722e-05,-0.0008145827320898968,24.60475890267106,22.389999389648438,0.5,0.12873596370912063,0.5,neutral,0.0062528495227114345,0.15096030193184862,0.13711477349318613
2022-07-15,YPF,False,0.0,1.6546786877610437e-05,0.0003309877639861014,3.1573985680847154,2.9700000286102295,0.5,0.0,0.5,neutral,-0.02020200074126499,0.24915824996911407,0.48484841916843613
2022-07-15,VIST,False,0.0,8.581652775623697e-05,0.001717730526382466,6.617033879309105,6.159999847412109,0.5,0.12873418913511767,0.5,neutral,-0.011363587103598194,0.4253246672822202,0.4821429124347367
2022-07-22,AAPL,False,0.0,2.4880749120367798e-05,0.0004977326197856957,170.57673440277355,154.08999633789062,0.5,0.538152629695724,0.5,neutral,0.054643379642127066,0.07307424254157224,0.11311576577852311
2022-07-22,MSFT,True,0.0627321313897728,0.00011931976534179444,0.0023891023136428657,280.0486966963219,260.3599853515625,0.5,0.34806480616856,0.5,neutral,0.07827625606635946,0.08661092172093077,0.09905519279430663
2022-07-22,NVDA,False,0.0,4.3135615506324083e-05,0.000863065931094642,19.42525006438998,17.319000244140625,0.5,0.1474982464330928,0.5,neutral,0.04873259719229117,0.09642589368626764,0.03060226798165311
2022-07-22,AMZN,False,0.0,-1.767038412260071e-05,-0.0003533483626709799,136.79904304531894,122.41999816894531,0.5,0.5492363345969844,0.5,neutral,0.10235254833123664,0.15013890832972598,0.1291455464390321
2022-07-22,GOOGL,False,0.0,9.92344843946484e-05,0.001986561824131705,115.54219551251765,107.9000015258789,0.5,0.025138493482174153,0.5,neutral,0.0780351997207882,0.08869323039378219,0.08628357207539827
2022-07-22,META,False,0.0,5.272728955796594e-05,0.0010550741900545724,189.76449065552646,169.27000427246094,0.5,0.025105727503210287,0.5,neutral,-0.06008151422135877,-0.012760699519051122,-0.007739100404848709
2022-07-22,TSLA,True,0.1875,0.00015538275087184186,0.0031122466188666653,312.68135762100053,272.24334716796875,0.5,0.40466394863350613,0.5,neutral,0.09148670477206822,0.058501581123814095,0.08971131739393123
2022-07-22,SPY,False,0.0,9.875862108653898e-06,0.00019753577447301218,425.9920769265399,395.0899963378906,0.5,0.4235644522720536,0.5,neutral,0.042775048857554676,0.04652105862759792,0.0684654599237513
2022-07-22,QQQ,False,0.0,-7.6945444685467e-05,-0.0015377844986055322,329.17260297325294,301.989990234375,0.5,0.47181597793809327,0.5,neutral,0.044604131449022644,0.06543266467305497,0.06910823468350813
2022-07-22,AVGO,False,0.0,-0.0001594100248861619,-0.0031833769169267168,55.6775907078605,51.25199890136719,0.5,0.10715063153005784,0.5,neutral,0.04479828072159209,0.07593854267426559,0.0700655521784086
2022-07-22,AMD,False,0.0,6.182116296201892e-05,0.001237149681335259,98.70250472701377,88.0999984741211,0.5,0.0251062107940537,0.5,neutral,0.07230423220101634,0.16129397651064403,0.08910327593736556
2022-07-22,NFLX,False,0.0,-8.556063554527908e-05,-0.0017098225064465788,25.380818921343142,22.04400062561035,0.5,0.567453408455039,0.5,neutral,0.02023222341001296,0.028760608458386683,0.09399376417110927
2022-07-22,COST,False,0.0,-8.951079267559721e-05,-0.0017886943562016588,587.8044832883448,529.719970703125,0.5,0.5036685299209857,0.5,neutral,0.021860639074024357,0.020671322231813782,0.04683617753889524
2022-07-22,ADBE,False,0.0,8.828163820921386e-06,0.0001765780851321619,441.2373339993299,401.8999938964844,0.5,0.22060595733464272,0.5,neutral,0.02045285231534577,0.07845234948527491,0.05762628517997581
2022-07-22,PEP,False,0.0,3.089492702318141e-05,0.0006180799284225547,181.68671436238458,169.61000061035156,0.5,0.02522239133254023,0.5,neutral,0.03154298734899652,0.02912565546624224,0.06226046530624951
2022-07-22,CSCO,False,0.0,3.003975451293572e-05,0.000600966574668016,48.29796661226903,44.459999084472656,0.5,0.11924390823107424,0.5,neutral,0.020467833246760492,0.012370653360013861,0.09536666139850625
2022-07-22,INTC,False,0.0,-0.00010414831636104011,-0.00208090670884864,42.642886062724926,39.20000076293945,0.5,0.27536757342063795,0.5,neutral,-0.07372447279084515,-0.09719391069229455,-0.0974489699101162
2022-07-22,AMAT,False,0.0,-3.1538338000388815e-05,-0.0006305778090800462,113.23562178631524,101.66999816894531,0.5,0.2755148710600947,0.5,neutral,0.042392104510775575,0.07819420400132371,0.029113791066997186
2022-07-22,QCOM,True,0.1875,0.003521750039017231,0.07284206637473267,174.96898918435792,153.6999969482422,0.5,1.0,0.5,neutral,-0.0562133998776716,-0.022706508156602245,-0.03968764454029694
2022-07-22,TXN,True,0.06226786861022722,4.299447204930595e-05,0.0008602407512836585,178.68094521039987,163.89999389648438,0.5,0.6531349348977171,0.5,neutral,0.0914582431444837,0.12446619838288475,0.07657110139786893
2022-07-22,CCJ,False,0.0,0.00019941294150811398,0.003995823326791159,25.08673690270008,22.530000686645508,0.5,0.02511241738798635,0.5,neutral,0.14380824111730495,0.14380824111730495,0.0004438627863763145
2022-07-22,YPF,False,0.0,3.277547748737791e-05,0.000655713693956228,3.0866804354591895,2.9100000858306885,0.5,0.025131167082593508,0.5,neutral,0.2749140648523096,0.2886597558053079,0.5979381299708941
2022-07-22,VIST,False,0.0,7.656268610774027e-05,0.0015323679844820859,6.531708528126923,6.090000152587891,0.5,0.0,0.5,neutral,0.4417076376000104,0.41215109458006083,0.43349742586239404
2022-07-29,AAPL,True,0.12768669545036154,0.0010134235444781625,0.020464797727440365,182.82287457316355,162.50999450683594,0.5,0.7075455641582993,0.5,neutral,0.01747591959065775,0.059011826477394225,0.0068303528882642794
2022-07-29,MSFT,False,0.0,-0.0001789008803962429,-0.0035719430806453456,308.2516809097159,280.739990234375,0.5,0.3148255439523781,0.5,neutral,0.007729619944500055,0.039787753139155946,-0.04505946547167561
2022-07-29,NVDA,False,0.0,-4.9940473136662945e-05,-0.000998335735032052,20.935654637166895,18.163000106811523,0.5,0.24520532831163722,0.5,neutral,0.045477080260175606,0.030061087032245082,-0.10477343317396226
2022-07-29,AMZN,False,0.0,2.135774756146752e-05,0.0004272416314776706,154.2919114686187,134.9499969482422,0.5,0.3748257516432386,0.5,neutral,0.04334943487074927,0.0637273530788891,-0.031122616103896772
2022-07-29,GOOGL,False,0.0,0.00010922073471463202,0.002186682722392419,127.772666696722,116.31999969482422,0.5,0.2519565455221223,0.5,neutral,0.009886533088858673,0.04607978528553991,-0.05140993270824157
2022-07-29,META,False,0.0,2.596251708663888e-05,0.0005193784316208649,173.8284971019119,159.10000610351562,0.5,0.0,0.5,neutral,0.050345658073855715,0.13450655610007223,0.01684470504694735
2022-07-29,TSLA,False,0.0,-2.88925906790718e-05,-0.000577693232532317,345.0075721404003,297.1499938964844,0.5,0.4509643006456527,0.5,neutral,-0.030220362285715785,0.009692091340967046,-0.03048964410125443
2022-07-29,SPY,True,0.11640555495269299,0.0001754854274391053,0.0035155657897480985,448.8074230911362,411.989990234375,0.5,0.6592295457609122,0.5,neutral,0.00359234695359012,0.03667568685478195,-0.016213968383020916
2022-07-29,QQQ,False,0.0,7.743194588462898e-05,0.001549778631310339,348.84955254417366,315.4599914550781,0.5,0.5238488231344223,0.5,neutral,0.019939164126356657,0.04732778671708493,-0.02542315739209655
2022-07-29,AVGO,True,0.11395524814070984,0.00016486473155659324,0.003302464015297213,59.017878399944415,53.54800033569336,0.5,0.5785651579415713,0.5,neutral,0.029805047086377767,0.04248527511049671,-0.02730264046036812
2022-07-29,AMD,False,0.0,8.485414589518497e-06,0.00016972197291442725,108.85105886364398,94.47000122070312,0.5,0.3031818090770023,0.5,neutral,0.08298926893813241,0.06732296526061399,-0.03482587988795682
2022-07-29,NFLX,False,0.0,-5.422035324112201e-05,-0.0010838486756215016,25.85065297431896,22.489999771118164,0.5,0.4724841436073087,0.5,neutral,0.008359258659629942,0.10849268825654179,-0.007203230670369876
2022-07-29,COST,False,0.0,-0.0002099560898057465,-0.0041907568412932195,602.3478131252544,541.2999877929688,0.5,0.47422482106947594,0.5,neutral,-0.0011638738167742968,-0.007555821009692654,-0.01751335799470921
2022-07-29,ADBE,False,0.0,6.300288588391534e-05,0.0012608121819368545,455.8868402316682,410.1199951171875,0.5,0.46746329688501026,0.5,neutral,0.056837018034034514,0.08668199242611618,-0.0709548582121694
2022-07-29,PEP,False,0.0,-0.00018128816564945974,-0.003619525674190771,187.9110345857772,174.9600067138672,0.5,0.37284481842265554,0.5,neutral,-0.002343413616689549,0.013545924932795828,0.0004571706058313918
2022-07-29,CSCO,False,0.0,-6.029715018737309e-05,-0.0012052524617998106,49.562505650114964,45.369998931884766,0.5,0.39169684979607644,0.5,neutral,-0.007934772290650538,0.02733087299227055,0.011461328410969696
2022-07-29,INTC,False,0.0,6.1474516233046875e-06,0.00012295621305158377,38.81659574256992,36.310001373291016,0.5,2.9053488915878775e-05,0.5,neutral,-0.02533742629707847,-0.005508145287115629,-0.08124485407233883
2022-07-29,AMAT,False,0.0,1.8420254591687104e-05,0.0003684695670567173,119.94333823521579,105.9800033569336,0.5,0.33957296854865604,0.5,neutral,0.034346096191270714,0.04151720850267848,-0.06774863255093533
2022-07-29,QCOM,False,0.0,4.920861596974107e-05,0.0009846325379627707,162.14764796707036,145.05999755859375,0.5,0.4951654427810514,0.5,neutral,0.03550261437990998,0.042947717030138444,-0.046049860665984155
2022-07-29,TXN,True,0.14195250145623564,0.002778240289205432,0.057056081012641924,198.87730330149918,178.88999938964844,0.5,1.0,0.5,neutral,0.030242068760510277,0.03627930859917927,-0.05254622353712357
2022-07-29,CCJ,False,0.0,-0.00015842484091325903,-0.0031637326463572757,29.62714025845738,25.770000457763672,0.5,0.4558485998193623,0.5,neutral,0.0,-0.012029544733578867,0.03453625820096984
2022-07-29,YPF,False,0.0,-3.4779424118373966e-05,-0.0006953587047339171,4.174641303569847,3.7100000381469727,0.5,0.26306847895230195,0.5,neutral,0.010781660765967649,0.1886791919319668,0.4851752485786782
2022-07-29,VIST,False,0.0,6.4569405507773e-05,0.0012921805666741282,10.154085589758616,8.779999732971191,0.5,0.46488249172298224,0.5,neutral,-0.020501065714788158,0.03986337040027266,0.12642376356609897
2022-08-05,AAPL,False,0.0,-0.00014974992730218246,-0.0029907416141597976,182.96707966683329,165.35000610351562,0.5,0.6701543691532753,0.5,neutral,0.04082249622521483,0.0373147743646447,-0.05769584634275404
2022-08-05,MSFT,False,0.0,-2.9626020941356343e-05,-0.0005923536852545652,307.5064624870796,282.9100036621094,0.5,0.6514088722048801,0.5,neutral,0.031812236695415885,0.011452370691863667,-0.09490652771537778
2022-08-05,NVDA,True,0.1090986771856757,0.0004855522879352119,0.009755971123752483,21.795998103247115,18.98900032043457,0.5,0.6106418444475825,0.5,neutral,-0.014745414814922753,-0.060034723809112456,-0.2813207603077833
2022-08-05,AMZN,False,0.0,-0.00013623748058622884,-0.002721225969012142,160.583969784276,140.8000030517578,0.5,0.5856743128878474,0.5,neutral,0.019531249576671517,-0.018252892532069187,-0.09438920900194847
2022-08-05,GOOGL,False,0.0,-0.0006541446313289252,-0.013001908853100264,126.35447989366101,117.47000122070312,0.5,0.1319402660404303,0.5,neutral,0.03583892943495326,-0.0022133492255778098,-0.08189327187038953
2022-08-05,META,False,0.0,-0.000360281478405508,-0.007181020277970074,181.9140404028131,167.11000061035156,0.5,1.1271418660309734e-05,0.5,neutral,0.08012685860057966,0.005086506495189269,-0.04063187877046903
2022-08-05,TSLA,False,0.0,-0.0005103465950366791,-0.010157596910321698,329.88669740972006,288.1700134277344,0.5,0.0,0.5,neutral,0.04115620917835949,0.029484827256452073,-0.062324395793388665
2022-08-05,SPY,False,0.0,-0.000568377369898449,-0.011306376176820954,446.5625307788725,413.4700012207031,0.5,0.5257685133239873,0.5,neutral,0.032964918476726446,0.02096890560896214,-0.05134595236329109
2022-08-05,QQQ,True,0.12371505507224306,0.0004424409678740155,0.008886111540249653,352.01447538254223,321.75,0.5,0.7177079219343434,0.5,neutral,0.026853192380536184,0.0034498379224940923,-0.0826106808772824
2022-08-05,AVGO,False,0.0,8.831584489905272e-05,0.0017677996243552485,60.711368577286066,55.14400100708008,0.5,0.7275073670380983,0.5,neutral,0.012313231577175676,-0.005458481375023139,-0.09288411349208392
2022-08-05,AMD,True,0.12142377280518749,0.0018122635467709956,0.03687612563985421,117.34326104232113,102.30999755859375,0.5,0.7684997357142953,0.5,neutral,-0.01446579770165135,-0.06216401878720734,-0.21571694088043114
2022-08-05,NFLX,False,0.0,7.953837694174522e-06,0.00015908877453019166,25.99249321365839,22.67799949645996,0.5,0.5255691378435059,0.5,neutral,0.09930332739743464,0.06340946103144018,-0.002954380320683181
2022-08-05,COST,False,0.0,-0.0007755053822110651,-0.015396369953562083,593.6199158807667,540.6699829101562,0.5,0.4157701153957665,0.5,neutral,-0.006399395281529663,0.025634947056089707,-0.03987644633524323
2022-08-05,ADBE,False,0.0,0.00035025937162019177,0.00702854600085967,479.58838932272073,433.42999267578125,0.5,0.665753510229375,0.5,neutral,0.028239902542021467,-0.019311065820607598,-0.15063557928761662
2022-08-05,PEP,False,0.0,-0.0007608269540011283,-0.015107056574252709,185.76762779672092,174.5500030517578,0.5,0.00010550912119939265,0.5,neutral,0.015926661304454637,0.032197049664450805,-0.022285874085576363
2022-08-05,CSCO,False,0.0,-0.0003581605826941418,-0.007138890940387443,48.81359326213803,45.0099983215332,0.5,3.9072612823307455e-05,0.5,neutral,0.03554770825336617,0.08198183912486212,-0.00933121938696857
2022-08-05,INTC,False,0.0,-0.0002733724819183544,-0.005453273723683538,37.44362080016641,35.38999938964844,0.5,4.166535726002622e-05,0.5,neutral,0.02034476499351756,-0.00028251827368297455,-0.11782989963864388
2022-08-05,AMAT,False,0.0,-0.0003415880169156204,-0.006809636058816793,124.78641404657304,109.62000274658203,0.5,0.5872488797422827,0.5,neutral,0.006932991131124888,-0.04552093931889312,-0.16767017352939806
2022-08-05,QCOM,False,0.0,-0.0008604588427517856,-0.01706922648167508,166.39917800489525,150.2100067138672,0.5,0.14235149606754857,0.5,neutral,0.0071898443778308785,-0.017375677343010265,-0.14466420354884413
2022-08-05,TXN,True,0.14576249493689383,0.002591905772696158,0.05313460138144088,205.70193178853435,184.3000030517578,0.5,1.0,0.5,neutral,0.005860020690023449,-0.042593629807543,-0.11557245089017187
2022-08-05,CCJ,False,0.0,6.726790882208189e-05,0.001346218268135635,29.19046823692205,25.770000457763672,0.5,0.5180880392821882,0.5,neutral,-0.012029544733578867,-0.12533952211332744,0.11835464427171472
2022-08-05,YPF,False,0.0,-0.0003642970026838447,-0.007260779745504209,4.252356757472339,3.75,0.5,0.5797602922515536,0.5,neutral,0.17599995930989576,0.24000002543131504,0.5520000457763672
2022-08-05,VIST,False,0.0,-0.0006077950474327535,-0.012085967435503608,9.935591775110925,8.600000381469727,0.5,0.29743405958527264,0.5,neutral,0.061627873193258464,0.015116180813981028,0.16627898698500765
2022-08-12,AAPL,False,0.0,0.00013367365967599764,0.0026768709610194286,190.94846420155167,172.10000610351562,0.5,0.6722233591323201,0.5,neutral,-0.0033701441631898144,-0.04927374018352748,-0.050377763627268535
2022-08-12,MSFT,False,0.0,0.00015103535602646004,0.0030250452697417884,322.88069101822856,291.9100036621094,0.5,0.6630521698943213,0.5,neutral,-0.019732142418429466,-0.08160051736969864,-0.08653355297430598
2022-08-12,NVDA,False,0.0,-9.531889356012491e-05,-0.001904652576705801,21.387217194716616,18.708999633789062,0.5,0.5516894071408748,0.5,neutral,-0.045967113145362615,-0.13089953780768981,-0.22470466629095365
2022-08-12,AMZN,True,0.11824064272660106,0.0017632506406606917,0.035862029472448986,163.49254311192075,143.5500030517578,0.5,0.8332693450795551,0.5,neutral,-0.03706030798411475,-0.08916755680696642,-0.049460159892547484
2022-08-12,GOOGL,False,0.0,-0.0010219812758816118,-0.020242392401789377,134.0527898115094,121.68000030517578,0.5,0.3898505064352527,0.5,neutral,-0.0367357101371818,-0.09319529864270393,-0.08892175926764834
2022-08-12,META,False,0.0,-0.0005975110155627191,-0.011882629194526206,201.84132999760806,180.5,0.5,0.3513107869231984,0.5,neutral,-0.06947364701458625,-0.10371191812023894,-0.06393348080960004
2022-08-12,TSLA,False,0.0,-0.0008926747191221567,-0.017702897297575126,346.25889843027335,300.0299987792969,0.5,0.4287088852618055,0.5,neutral,-0.011210019994135068,-0.03979602869708154,0.014631919029092888
2022-08-12,SPY,False,0.0,0.0008643887863967826,0.017430476616998147,465.92395747840504,427.1000061035156,0.5,0.9362619438985567,0.5,neutral,-0.011613185165527673,-0.05101851611690367,-0.037766341962783945
2022-08-12,QQQ,False,0.0,-2.866662327481712e-05,-0.0005731763550438362,364.6300965389266,330.3900146484375,0.5,0.6722594561537846,0.5,neutral,-0.02279133437155345,-0.06946339534943868,-0.05947523697098345
2022-08-12,AVGO,False,0.0,-0.0009546556772661111,-0.0189209415635887,61.745431251096086,55.823001861572266,0.5,0.5124036722507014,0.5,neutral,-0.017555547431214236,-0.06694379022616681,-0.052254510404604715
2022-08-12,AMD,True,0.10396842443238283,0.0010034906443487388,0.020262298555445257,115.25532564500374,100.83000183105469,0.5,0.7470894189329854,0.5,neutral,-0.04839834170576707,-0.09570565655694352,-0.16056731277793035
2022-08-12,NFLX,False,0.0,0.0003139959862587141,0.006298687825474492,28.51126936373917,24.93000030517578,0.5,0.6504352872440018,0.5,neutral,-0.03265146704410693,-0.10437228874182314,-0.05122344210244445
2022-08-12,COST,False,0.0,-0.0012107361689370896,-0.023938218682467594,582.7797639780229,537.2100219726562,0.5,0.4290039317594605,0.5,neutral,0.03224066308483775,-0.010033347160287809,0.004299989695112805
2022-08-12,ADBE,False,0.0,-0.00012047137547245102,-0.0024066719647157786,499.35280765905765,445.6700134277344,0.5,0.5901495733679485,0.5,neutral,-0.04624501368316214,-0.14506254059326684,-0.11064246323623816
2022-08-12,PEP,False,0.0,-0.0011211632609764047,-0.022186032864069616,189.60586322855278,177.3300018310547,0.5,0.5440365194445665,0.5,neutral,0.016015317817434704,-0.01291382462795887,-0.01934251338833315
2022-08-12,CSCO,False,0.0,-0.0006334453103361896,-0.012592957121471682,51.03604389807075,46.61000061035156,0.5,0.37469954491458995,0.5,neutral,0.04484016574167837,-0.015447354886822695,-0.004505451227692525
2022-08-12,INTC,False,0.0,-0.00048293060574016117,-0.009614428075616077,38.22483252799665,36.11000061035156,0.5,0.0,0.5,neutral,-0.02021599362773374,-0.07615618813397818,-0.1260039066048878
2022-08-12,AMAT,False,0.0,6.803350691691726e-05,0.0013615499234580497,124.9378769880927,110.37999725341797,0.5,0.6690859199544542,0.5,neutral,-0.05209277172564841,-0.10491025991850689,-0.12755929110357145
2022-08-12,QCOM,False,0.0,-0.0008337684268634833,-0.016543944698181656,165.4292904161512,151.2899932861328,0.5,0.3545095206159288,0.5,neutral,-0.024390160264191163,-0.0853327316824175,-0.12089360894835377
2022-08-12,TXN,True,0.12914959935375342,0.0011814072568826779,0.023895221767811226,205.46535036246436,185.3800048828125,0.5,0.9010370048423875,0.5,neutral,-0.048171365300240465,-0.08571582139990375,-0.07983602687416902
2022-08-12,CCJ,False,0.0,-0.001346324738219803,-0.026584868739521372,28.647988199779082,25.459999084472656,0.5,0.31360703619245867,0.5,neutral,-0.11468964155329209,0.04713278892736872,0.18970942673758273
2022-08-12,YPF,True,0.14864133348726272,0.0050947660167031126,0.1069811573210373,5.03198470074825,4.409999847412109,0.5,1.0,0.5,neutral,0.05442182681619823,0.24943320170753114,0.5918367854470592
2022-08-12,VIST,False,0.0,2.0502936472330994e-05,0.0004101386096506676,10.541159003356658,9.130000114440918,0.5,0.6184205321184084,0.5,neutral,-0.0438116722005194,0.08324208317147153,0.138006595080858
2022-08-19,AAPL,False,0.0,-0.0005827603207404683,-0.011590905653215078,188.29059178327773,171.52000427246094,0.5,0.5037563310278331,0.5,neutral,-0.046058820886712426,-0.09159285402600448,-0.09934706226950463
2022-08-19,MSFT,False,0.0,-8.722996731133231e-05,-0.0017431543798415161,313.2425352229713,286.1499938964844,0.5,0.4385946146700998,0.5,neutral,-0.06311374434320982,-0.10515462862031644,-0.1454831050567249
2022-08-19,NVDA,False,0.0,1.9584784018466794e-05,0.0003917685660503878,19.68476283390526,17.849000930786133,0.5,0.2661497555030109,0.5,neutral,-0.089024629897552,-0.23541937357027665,-0.2502661621580726
2022-08-19,AMZN,False,0.0,0.00016601851693072878,0.003325612366853692,154.68428309735256,138.22999572753906,0.5,0.3895920831383941,0.5,neutral,-0.05411268146374437,-0.07755186227769584,-0.09816966277114758
2022-08-19,GOOGL,False,0.0,6.827746926827784e-05,0.0013664354927611644,128.82175522711762,117.20999908447266,0.5,0.22231968714079256,0.5,neutral,-0.058612770243525514,-0.07985667335093016,-0.1206381665395101
2022-08-19,META,False,0.0,-1.4416164310348297e-05,-0.0002882838027206125,183.07257992337404,167.9600067138672,0.5,0.09354891445845455,0.5,neutral,-0.03679452064501543,-0.045487015267055564,-0.11871875234784657
2022-08-19,TSLA,True,0.06118285056926459,0.00022373321198193886,0.00448418776352999,332.9118264318584,296.6666564941406,0.5,0.20839510241574766,0.5,neutral,-0.02891009140563594,-0.08917977285251477,0.041809049175444146
2022-08-19,SPY,False,0.0,0.00010469700953541482,0.0020960241777125965,455.5832405123317,422.1400146484375,0.5,0.19608563156062725,0.5,neutral,-0.03986832924109307,-0.07082963797915143,-0.07957081937243704
2022-08-19,QQQ,True,0.0,0.00019788217269669391,0.003965092192016684,350.6801771418496,322.8599853515625,0.5,0.2142572899087397,0.5,neutral,-0.047760588520641245,-0.08576464467616352,-0.09852567367230669
2022-08-19,AVGO,False,0.0,-0.0005651536393610033,-0.01124259233359659,59.71897417645519,54.84299850463867,0.5,0.09357538391717567,0.5,neutral,-0.050270773747887465,-0.08790546244658826,-0.08495159863176438
2022-08-19,AMD,False,0.0,1.1376743941683672e-05,0.00022755947226782425,106.88050637218231,95.94999694824219,0.5,0.23378579248712755,0.5,neutral,-0.049713358986759104,-0.16373110561897175,-0.1998957885899877
2022-08-19,NFLX,False,0.0,-5.721407202154081e-05,-0.0011436596983791514,26.879640380047825,24.115999221801758,0.5,0.2284275001410832,0.5,neutral,-0.07414165551950691,-0.062406668159369794,0.010242231544190794
2022-08-19,COST,False,0.0,-0.0005543164835336376,-0.011028142697165455,598.6791278030493,554.530029296875,0.5,0.17600404657569954,0.5,neutral,-0.040953637806507515,-0.06387398711341907,-0.08648769126798761
2022-08-19,ADBE,False,0.0,-0.00017604479346030905,-0.0035150136481592043,463.95642825473635,425.05999755859375,0.5,0.37881659296351833,0.5,neutral,-0.10360892297057678,-0.13391046731540512,-0.30348656834549004
2022-08-19,PEP,False,0.0,-0.0005604575786797272,-0.011149670377284981,192.90770844546327,180.1699981689453,0.5,0.5720187030366318,0.5,neutral,-0.02847313612115432,-0.05278345231439929,-0.06349560169656532
2022-08-19,CSCO,False,0.0,8.432682955283477e-05,0.0016878883675943701,52.87810407507946,48.70000076293945,0.5,0.37969067833638126,0.5,neutral,-0.057700232633865145,-0.08439426172410369,-0.110882986473961
2022-08-19,INTC,False,0.0,-7.327104199821663e-05,-0.0014644012455981015,37.1390061395165,35.380001068115234,0.5,0.0,0.5,neutral,-0.05709441483268107,-0.117580600033101,-0.16789147413030459
2022-08-19,AMAT,False,0.0,-6.702930509114539e-05,-0.00133973278877475,114.64632674134108,104.62999725341797,0.5,0.09355198014227784,0.5,neutral,-0.05572010278791928,-0.12797476575687305,-0.14250211625832554
2022-08-19,QCOM,False,0.0,-0.0005158946792472227,-0.010267481778046705,157.8745827665338,147.60000610351562,0.5,0.28964720331579674,0.5,neutral,-0.06246613034851034,-0.1295393603342212,-0.14193769452112315
2022-08-19,TXN,False,0.0,-0.0005347200717072293,-0.010640249478010788,192.16476701758933,176.4499969482422,0.5,0.09358161013398324,0.5,neutral,-0.03944455412555026,-0.07622554367165824,-0.05780672782462071
2022-08-19,CCJ,False,0.0,-0.00037886759770888403,-0.007550141126230092,24.649509038389525,22.540000915527344,0.5,0.09354128377105836,0.5,neutral,0.18278610312950705,0.27861572866976747,0.25554561169362056
2022-08-19,YPF,True,0.07344946317673624,0.008157066794813567,0.17642426605376849,5.3084313156735305,4.650000095367432,0.5,1.0,0.5,neutral,0.18494626147882887,0.2516129144727457,0.5505376108120823
2022-08-19,VIST,True,0.06536768625399918,0.0009469323338997489,0.019109987915468585,10.067151380710092,8.729999542236328,0.5,0.5974357690503711,0.5,neutral,0.1328752419143051,0.14891182805283942,0.12142044389445217
2022-08-26,AAPL,False,0.0,-0.0007352035799374835,-0.014601823599536212,175.32424087902854,163.6199951171875,0.5,3.8236081798581497e-05,0.5,neutral,-0.047732537536137265,-0.0011612421896857184,-0.07853557773011288
2022-08-26,MSFT,False,0.0,-0.00038948867262065157,-0.007761017428119077,284.08555557982777,268.0899963378906,0.5,3.0815774830225557e-05,0.5,neutral,-0.04487298647329874,-0.005371339703370781,-0.1142899765309815
2022-08-26,NVDA,False,0.0,-3.0767793146130905e-05,-0.0006151760312748111,17.423460197306955,16.260000228881836,0.5,0.0,0.5,neutral,-0.16070109958764434,-0.10793358485466675,-0.24797050952835586
2022-08-26,AMZN,False,0.0,-0.0003244802154213486,-0.006469638593431859,141.0759532551578,130.75,0.5,0.1537442025259688,0.5,neutral,-0.024780098384470595,0.04359462293110661,-0.11931165180972159
2022-08-26,GOOGL,False,0.0,-0.00028120019444880033,-0.005609005232797726,117.59507606581614,110.33999633789062,0.5,2.02322234657203e-05,0.5,neutral,-0.022566593677821878,0.004712745058179424,-0.11029543749192738
2022-08-26,META,False,0.0,-0.00019076450607201308,-0.0038083837206682736,177.3769078833977,161.77999877929688,0.5,6.398517577129009e-06,0.5,neutral,-0.009024548560356171,0.04438130787950745,-0.1570651740254625
2022-08-26,TSLA,False,0.0,2.7947885634924533e-05,0.0005591061436054368,313.6758247816707,288.0899963378906,0.5,0.11584484253747655,0.5,neutral,-0.062063956090449124,0.05668373528211945,-0.04193129482391822
2022-08-26,SPY,False,0.0,-0.0004673038682734599,-0.009304702615777649,429.0854951622269,405.30999755859375,0.5,4.988962621121948e-05,0.5,neutral,-0.032246940373902966,0.01396462879327598,-0.10115713958936534
2022-08-26,QQQ,False,0.0,0.00010818424836742432,0.00216591013945,326.8411851654979,307.44000244140625,0.5,3.0013866643408393e-05,0.5,neutral,-0.03991019033383714,0.010733761926760677,-0.107565726846237
2022-08-26,AVGO,False,0.0,-0.0004846262249472969,-0.009648030097748395,55.456581217230344,52.08599853515625,0.5,1.7517982646153752e-05,0.5,neutral,-0.039626756404262165,0.015743188532149288,-0.112506181324315
2022-08-26,AMD,False,0.0,3.973487324768325e-05,0.0007949975199139647,98.78611682458326,91.18000030517578,0.5,0.12063502085082418,0.5,neutral,-0.1199824786662701,-0.07172626555865569,-0.2728668257309237
2022-08-26,NFLX,False,0.0,-1.2975889730748348e-05,-0.0002594858060989136,24.361031116827025,22.327999114990234,0.5,0.018388604175085765,0.5,neutral,0.012674711450294085,0.059342566081073356,0.003538179691588317
2022-08-26,COST,False,0.0,-0.0006728980891187745,-0.013372277680251177,565.0149151109046,531.8200073242188,0.5,3.770138018260454e-05,0.5,neutral,-0.02389910457977129,0.014478605733117877,-0.09687491787017588
2022-08-26,ADBE,False,0.0,-0.00022058441674639373,-0.004402455637047442,403.8385429277813,381.0199890136719,0.5,2.103820777857932e-05,0.5,neutral,-0.03380393348542199,0.04026034533673828,-0.2731090246156609
2022-08-26,PEP,False,0.0,-0.0006958486229737148,-0.013825356422205948,184.6940547609919,175.0399932861328,0.5,9.614975291547315e-05,0.5,neutral,-0.02502279360159476,-0.006512793837833986,-0.037648517999644526
2022-08-26,CSCO,False,0.0,0.00016157403342595162,0.003236445652406106,48.89110172007069,45.88999938964844,0.5,0.09454605963351724,0.5,neutral,-0.0283285956493996,0.011113579058916079,-0.1157114323211681
2022-08-26,INTC,False,0.0,-0.0001762189319588339,-0.003518484781477982,35.194717171249984,33.36000061035156,0.5,2.6020904234161284e-05,0.5,neutral,-0.0641487187603057,-0.05395686785001563,-0.19154679796421414
2022-08-26,AMAT,False,0.0,4.49423030368904e-05,0.0008992299282548633,105.84990559382209,98.80000305175781,0.5,9.663804969995419e-06,0.5,neutral,-0.07651826876997025,-0.025303642943111382,-0.1605263170087462
2022-08-26,QCOM,False,0.0,-0.00038715533012008164,-0.007714693690935026,147.96356169391873,138.3800048828125,0.5,1.2979610283665822e-05,0.5,neutral,-0.07154219400163553,-0.038878484556844506,-0.13470159243619273
2022-08-26,TXN,False,0.0,-0.00047709013061654373,-0.009498679308950764,179.35433738807,169.49000549316406,0.5,3.509906597866891e-05,0.5,neutral,-0.03829137579103936,0.006431036064451501,-0.0532774705683815
2022-08-26,CCJ,False,0.0,-0.0007640970499236145,-0.01517151750327228,29.571255073515992,26.65999984741211,0.5,0.24253978239433469,0.5,neutral,0.08102024980400668,0.13615908060358062,-0.05776440423829177
2022-08-26,YPF,True,0.1025711998133973,0.011545745881140808,0.2580866659437797,6.3051552973431315,5.510000228881836,0.5,1.0,0.5,neutral,0.0562613302908066,0.2740471305481429,0.13430122329928373
2022-08-26,VIST,True,0.09742880018660272,0.0035726476708710982,0.07393086069247867,11.24018133660309,9.890000343322754,0.5,0.6883302692736029,0.5,neutral,0.014155650635842232,0.05055611553518058,-0.15065729758022262
2022-09-02,AAPL,False,0.0,9.725204577351663e-05,0.0019468389769616845,164.3145906988128,155.80999755859375,0.5,4.797777732554721e-05,0.5,risk_off,0.04890568793136607,-0.008536049367143694,-0.08574546447398157
2022-09-02,MSFT,False,0.0,1.2790323011287025e-05,0.00025583754516200763,268.1262648319061,256.05999755859375,0.5,3.50578193844719e-05,0.5,risk_off,0.04135748042982512,-0.04506753649988671,-0.05982969699093288
2022-09-02,NVDA,False,0.0,4.243271406765757e-05,0.0008489964701572372,14.623216762314636,13.647000312805176,0.5,0.0,0.5,risk_off,0.06287094467424237,-0.019418211859649537,-0.08316847679829309
2022-09-02,AMZN,False,0.0,3.4119308610857846e-05,0.0006826074016754724,135.46083049501203,127.51000213623047,0.5,1.4966533898967355e-05,0.5,risk_off,0.07011210620528674,-0.022351175800908396,-0.0912085694296132
2022-09-02,GOOGL,False,0.0,6.045169869818462e-05,0.0012097285633678734,114.03312848544876,107.8499984741211,0.5,2.8345505581189853e-05,0.5,risk_off,0.027909153257454467,-0.04432080525660698,-0.08539637658578758
2022-09-02,META,False,0.0,1.6899762729564605e-05,0.0003380495244724724,173.33537926193932,160.32000732421875,0.5,7.844937192692231e-06,0.5,risk_off,0.053892209299713834,-0.07672157241661826,-0.13541670235806913
2022-09-02,TSLA,False,0.0,-2.520023585622489e-05,-0.000503884075506833,291.17790133047674,270.2099914550781,0.5,5.577952046851964e-06,0.5,risk_off,0.1266053182875868,0.1438141338145189,-0.10291994536855276
2022-09-02,SPY,True,0.09599999999999999,0.00012409131297604208,0.002484754183279314,411.62557456062103,392.239990234375,0.5,7.17598258461791e-05,0.5,risk_off,0.04775140590620652,-0.00940751206729673,-0.06534266143413325
2022-09-02,QQQ,False,0.0,9.458356800820565e-06,0.00018918413447988058,309.3600800186275,295.1700134277344,0.5,4.668408085097423e-05,0.5,risk_off,0.052749182160580776,-0.01395814428071751,-0.07331372993190433
2022-09-02,AVGO,False,0.0,2.57554610953751e-05,0.0005152352767041624,52.43273345331987,50.02199935913086,0.5,2.8912163944421607e-05,0.5,risk_off,0.05765461012751727,0.003238550055071343,-0.08684174984959547
2022-09-02,AMD,False,0.0,-4.5574545438319627e-05,-0.0009110963792111626,85.50210070101454,80.23999786376953,0.5,6.529936436166942e-06,0.5,risk_off,0.05483551399576525,-0.04324528057184707,-0.17609668032902626
2022-09-02,NFLX,False,0.0,2.731633325205997e-05,0.0005464684628717631,24.664010935637066,22.611000061035156,0.5,0.11434687828830153,0.5,risk_off,0.046083756316916524,0.07748444580012137,0.05718452364282256
2022-09-02,COST,False,0.0,2.5836553632498927e-05,0.0005168579225396375,546.9589104552214,519.1099853515625,0.5,4.354403340157807e-05,0.5,risk_off,0.03931736001160724,-0.024156688141629856,-0.07971330841808055
2022-09-02,ADBE,False,0.0,-5.430154131367314e-05,-0.0010854707638607852,386.7859620287112,368.1400146484375,0.5,3.181181046362616e-05,0.5,risk_off,0.0766555375135578,-0.19579511659083837,-0.22518612787373715
2022-09-02,PEP,False,0.0,-0.0001596687451523111,-0.0031885356598421177,179.12377478562072,170.66000366210938,0.5,0.00011817818386707945,0.5,risk_off,0.018985058976032088,-0.011309081759962591,-0.031700477827368845
2022-09-02,CSCO,False,0.0,2.613484857102085e-05,0.0005228267675323472,47.27938095663287,44.59000015258789,0.5,5.18252298237442e-05,0.5,risk_off,0.04059209165950106,-0.02893027385317193,-0.07400760766467551
2022-09-02,INTC,False,0.0,3.910977355257108e-05,0.0007824861583931586,32.73662053681702,31.219999313354492,0.5,3.6548215912568616e-05,0.5,risk_off,0.010890459963669885,-0.05701469629871103,-0.13613068845206677
2022-09-02,AMAT,False,0.0,3.880798096490947e-06,7.761882350809657e-05,96.99508210618816,91.23999786376953,0.5,1.1488495846723479e-05,0.5,risk_off,0.05545819055742829,-0.016659323527559833,-0.05469090290006473
2022-09-02,QCOM,False,0.0,-5.6830066060891135e-05,-0.0011359878956881397,135.4885068139573,128.47999572753906,0.5,2.276616279934294e-05,0.5,risk_off,0.03518060727559713,-0.014243417360792376,-0.08764005978576173
2022-09-02,TXN,False,0.0,4.410956284151463e-05,0.0008825610288591967,170.37856470111095,163.0,0.5,4.738365416655172e-05,0.5,risk_off,0.04650307871812687,0.019938650306748462,-0.019386525534413335
2022-09-02,CCJ,False,0.0,-0.00022753531331684982,-0.004540882942022373,32.57559565195148,28.81999969482422,0.5,0.21748452305762597,0.5,risk_off,0.051006288558952395,-0.018043041751213407,-0.04545452740506606
2022-09-02,YPF,True,0.10400000000000001,0.006801394649626046,0.14518636752952463,6.677868619084725,5.820000171661377,0.5,1.0,0.5,risk_off,0.206185528156537,0.23883158513529845,0.171821300774041
2022-09-02,VIST,False,0.0,-3.5103022226430676e-05,-0.0007018263716193074,11.513880219486403,10.029999732971191,0.5,0.22929676109573402,0.5,risk_off,0.03589238483906909,-0.023928193171254386,-0.003988032195209046
2022-09-12,AAPL,False,0.0,-5.9611148788474484e-05,-0.0011915480542707968,172.29208364148542,163.42999267578125,0.5,0.16203973342271702,0.5,neutral,-0.05476349109307943,-0.07746429034256697,-0.14079419652477165
2022-09-12,MSFT,True,0.03375542829683902,9.584369765887872e-05,0.0019186202999981194,279.0587795205566,266.6499938964844,0.5,0.16204004770394467,0.5,neutral,-0.08299265003026579,-0.1095068352395232,-0.14025874649374026
2022-09-12,NVDA,False,0.0,-0.0002065744941693017,-0.004123392049736774,15.492750234235533,14.505000114440918,0.5,0.03417049900570471,0.5,neutral,-0.07742158814879685,-0.15698037981944946,-0.19544984596894266
2022-09-12,AMZN,False,0.0,1.9472719832801177e-05,0.00038952645056999913,145.91824043412973,136.4499969482422,0.5,0.1620181047278199,0.5,neutral,-0.08640522938673978,-0.15610110589040715,-0.16694759464111764
2022-09-12,GOOGL,False,0.0,-0.0003506279168774979,-0.006989248817582894,116.86152543844749,110.86000061035156,0.5,0.1523513889188587,0.5,neutral,-0.07026881537649887,-0.11446872065253555,-0.11726501829719571
2022-09-12,META,True,0.016244571703160984,7.663692337821015e-05,0.0015338548922765316,181.12008406178958,168.9600067138672,0.5,0.16200895700582926,0.5,neutral,-0.12393466861579872,-0.19288595112256768,-0.20815584771664097
2022-09-12,TSLA,False,0.0,-0.00048424872261164506,-0.009640549241866747,333.05872397345775,304.4200134277344,0.5,0.2774853045615484,0.5,neutral,0.015274928360083706,-0.09332501941057025,-0.26759083871207046
2022-09-12,SPY,False,0.0,-0.0004911846864777529,-0.009777988687709072,431.78114307087833,410.9700012207031,0.5,0.1620686934467889,0.5,neutral,-0.0545538928903333,-0.11353627642775699,-0.12397501534344246
2022-09-12,QQQ,False,0.0,4.5094375769910975e-05,0.0009022739854742667,326.6527936054075,310.739990234375,0.5,0.16204606766242377,0.5,neutral,-0.06336488080132563,-0.11704317519529917,-0.14265941933907456
2022-09-12,AVGO,True,0.07500000000000001,0.00010416745067462702,0.002085411965588646,55.93063606505697,52.90599822998047,0.5,0.1620354184474834,0.5,neutral,-0.051449745078769205,-0.12626160953321042,-0.172683591234834
2022-09-12,AMD,False,0.0,-0.00019962600064272448,-0.003984957471472317,89.98868424503783,84.63999938964844,0.5,0.05857063242046388,0.5,neutral,-0.092982074708575,-0.21668237795537637,-0.31698958187420256
2022-09-12,NFLX,False,0.0,-0.00030387504179345336,-0.00605998817501241,25.397237573173864,23.652999877929688,0.5,0.2159043437222691,0.5,neutral,0.030017376040482047,-0.05267831972043513,-0.027692076693268897
2022-09-12,COST,False,0.0,4.4108955159702876e-05,0.0008825488650314739,574.1091864888242,539.52001953125,0.5,0.1620459770491972,0.5,neutral,-0.0610728258715203,-0.10976428972873564,-0.1356947273916974
2022-09-12,ADBE,False,0.0,-2.271863295736989e-05,-0.000454274606618954,414.82756510335696,396.3599853515625,0.5,0.16202684729700148,0.5,neutral,-0.25305275885507184,-0.3012412915258821,-0.27914014587704705
2022-09-12,PEP,False,0.0,-0.0004237345853684034,-0.008440663595047693,182.46660506162286,173.89999389648438,0.5,0.16209679672544405,0.5,neutral,-0.029729720243824698,-0.031339834039823766,-0.06946513511355468
2022-09-12,CSCO,False,0.0,-0.00038886964511794005,-0.007748728104907232,49.23000058953462,46.400001525878906,0.5,0.16205535085773948,0.5,neutral,-0.06681039195848693,-0.1254310237808549,-0.14030176556351215
2022-09-12,INTC,False,0.0,7.416507321749535e-05,0.0014843470165855077,33.07478320408226,31.559999465942383,0.5,0.0,0.5,neutral,-0.06717360480859758,-0.14543726965335146,-0.20152087486142867
2022-09-12,AMAT,False,0.0,-0.0002904814035634088,-0.005793623884250532,102.1595505136362,96.30000305175781,0.5,0.16201325777389086,0.5,neutral,-0.06832815807407788,-0.13873312759056755,-0.1776739363253763
2022-09-12,QCOM,False,0.0,1.023122234334744e-05,0.00020464433689082462,140.18181137404306,133.0,0.5,0.06700360312062778,0.5,neutral,-0.047744349429481914,-0.099699264182184,-0.13834587613442784
2022-09-12,TXN,False,0.0,4.150868708127705e-05,0.0008305011876807988,179.0072121785901,170.5800018310547,0.5,0.1620379112026206,0.5,neutral,-0.02538399451621065,-0.05932697273160137,-0.08084188296925765
2022-09-12,CCJ,False,0.0,-0.0001562224067399621,-0.0031198154446963056,34.65151594155392,30.290000915527344,0.5,0.4525003392921253,0.5,neutral,-0.065698303675081,-0.1706833912191692,-0.1617696063973063
2022-09-12,YPF,True,0.07500000000000001,0.012447600119303586,0.28071089927064574,8.05249282123379,7.019999980926514,0.5,1.0,0.5,neutral,0.02706553529012723,-0.10968660726760959,-0.019943000978059566
2022-09-12,VIST,False,0.0,7.652486376305788e-05,0.0015316104367073535,11.828853624878738,10.390000343322754,0.5,0.3995833478033229,0.5,neutral,-0.05774786926309616,-0.1915303810429011,0.09624638758002169
2022-09-19,AAPL,False,0.0,2.081396430149919e-05,0.00041636160831970415,161.15764088295413,154.47999572753906,0.5,0.31840519474258994,0.5,risk_off,-0.024015999208218175,-0.07787415271887077,-0.07813304246018937
2022-09-19,MSFT,False,0.0,7.416723032488298e-05,0.0014843902195678105,255.37360609289482,244.52000427246094,0.5,0.2471478473004489,0.5,risk_off,-0.0289138197312514,-0.015458852908758147,-0.02858664064709948
2022-09-19,NVDA,False,0.0,2.3438804249846528e-05,0.0004688804814130254,14.312420529759613,13.381999969482422,0.5,0.0,0.5,risk_off,-0.08623526266023684,-0.06501269522815067,-0.11164253760891851
2022-09-19,AMZN,False,0.0,-1.6069357018118693e-05,-0.0003213380824883538,131.9781250936234,124.66000366210938,0.5,0.24713482343141283,0.5,risk_off,-0.07628751690082813,-0.07043162322126661,-0.08719719579060137
2022-09-19,GOOGL,False,0.0,8.827957953733513e-05,0.0017670730993393224,108.41083097211774,103.06999969482422,0.5,0.24714525782195682,0.5,risk_off,-0.04754052139698384,-0.04298050177832924,-0.030076632223729027
2022-09-19,META,False,0.0,3.264920083898093e-05,0.0006531865908188106,157.6132994290872,148.02000427246094,0.5,0.24712838574692947,0.5,risk_off,-0.07870563990681434,-0.06357251310970335,-0.0944467678881773
2022-09-19,TSLA,True,0.055811803840969315,0.0002048673339270482,0.0041053309079244205,338.63320900176865,309.07000732421875,0.5,0.24712773061058177,0.5,risk_off,-0.10696604903468798,-0.2157116894160377,-0.2902902225856733
2022-09-19,SPY,False,0.0,7.694985293744203e-06,0.0001539109568282626,404.3482573038787,388.54998779296875,0.5,0.24717328767676147,0.5,risk_off,-0.062385770160648724,-0.05646635730457561,-0.05592582975534255
2022-09-19,QQQ,False,0.0,-5.682125706941354e-05,-0.0011358119059793337,303.3315147713137,291.04998779296875,0.5,0.2297449795560264,0.5,risk_off,-0.05730971783323402,-0.060195807416196456,-0.07455757636000615
2022-09-19,AVGO,False,0.0,-0.00012260824399609716,-0.0024493107515267676,52.62583847246094,50.183998107910156,0.5,0.17309736342390716,0.5,risk_off,-0.07886968989392518,-0.08978951207539032,-0.13245256674922312
2022-09-19,AMD,False,0.0,3.624050700267594e-05,0.0007250597354491184,81.63952981629066,76.7699966430664,0.5,0.18180636760600458,0.5,risk_off,-0.1363813214684334,-0.13885627847917348,-0.24501756390649265
2022-09-19,NFLX,False,0.0,-8.981721674951226e-05,-0.0017948124055209291,26.58305325412946,24.363000869750977,0.5,0.247121708330066,0.5,risk_off,-0.08028572884741991,-0.018840106914234434,0.006033713166811561
2022-09-19,COST,False,0.0,-6.679918731084353e-05,-0.0013351362809467249,527.8067465799983,506.57000732421875,0.5,0.24715460757533672,0.5,risk_off,-0.051858616087463005,-0.05693190658923519,-0.08370016638065036
2022-09-19,ADBE,False,0.0,4.091486105428272e-06,8.18329028366982e-05,314.38884609382995,296.05999755859375,0.5,0.2471163216591673,0.5,risk_off,-0.06451397102283474,-0.03654667099048847,-0.008646887724462315
2022-09-19,PEP,False,0.0,2.4235536179573052e-05,0.00048482233844970857,175.44660825769046,168.72999572753906,0.5,0.19616211196950709,0.5,risk_off,-0.0016594487428839289,-0.02062464182811019,0.02370651396482648
2022-09-19,CSCO,False,0.0,2.277494754278444e-05,0.00045559751698864837,44.977058394385246,43.29999923706055,0.5,0.2471658739199506,0.5,risk_off,-0.06281749316239726,-0.046420285379886184,-0.046189377257267905
2022-09-19,INTC,False,0.0,-4.947384471175618e-05,-0.0009890119766058358,30.911933739751905,29.440000534057617,0.5,0.11117770521704871,0.5,risk_off,-0.0838994964638573,-0.0838994964638573,-0.10258153542728332
2022-09-19,AMAT,False,0.0,-2.078222480676761e-05,-0.00041556244520113417,94.94921863946702,89.72000122070312,0.5,0.17881783649383176,0.5,risk_off,-0.07556842049766233,-0.038675893596648914,-0.17064196779191443
2022-09-19,QCOM,False,0.0,2.5016878652168533e-05,0.0005004565012958206,133.30996525561508,126.6500015258789,0.5,0.061672977500148524,0.5,risk_off,-0.05455983875923942,-0.07445716692904192,-0.11891042247568395
2022-09-19,TXN,True,0.0,0.0001575724251817182,0.003156170489874821,175.53057965612936,166.25,0.5,0.3535281839047582,0.5,risk_off,-0.034827027285009415,-0.03855641300516921,-0.09178944064262218
2022-09-19,CCJ,False,0.0,0.00014197183674993633,0.0028432696396356594,32.41164253465272,28.299999237060547,0.5,0.40667506029303563,0.5,risk_off,-0.1123674375815088,-0.027915160052165655,-0.19964663501231694
2022-09-19,YPF,True,0.08354401943956143,0.007245447081352887,0.15533055592137845,8.26091371826536,7.210000038146973,0.5,1.0,0.5,risk_off,-0.13314840957944019,-0.05409152072429513,-0.01941745710747278
2022-09-19,VIST,True,0.06064417671946927,0.0002997675027851195,0.0060124543089443705,11.089115405322813,9.789999961853027,0.5,0.3485063883430596,0.5,risk_off,-0.14198164951367964,0.020428989790034713,0.1828396290937493
2022-09-26,AAPL,False,0.0,1.8430825750024142e-05,0.00036868106425291813,157.96793176728593,150.77000427246094,0.5,0.0791265706742555,0.5,risk_off,-0.055183438936457274,-0.06864764747775576,-0.008755105702811572
2022-09-26,MSFT,False,0.0,6.952079696265582e-05,0.001391334619242901,247.64206130919726,237.4499969482422,0.5,0.07911480425389648,0.5,risk_off,0.01385558470080328,-0.03453357360972964,0.041271860087216394
2022-09-26,NVDA,False,0.0,2.156909914851914e-05,0.0004314703873580239,13.06101355897225,12.227999687194824,0.5,0.056565774416781324,0.5,risk_off,0.02322541740215467,-0.0456329428504334,0.030340227298623734
2022-09-26,AMZN,False,0.0,-1.2098295068429205e-05,-0.00024193809332595517,121.70354962899147,115.1500015258789,0.5,0.07907640722590047,0.5,risk_off,0.006339519911990665,-0.01285282967713186,0.04055578034791241
2022-09-26,GOOGL,False,0.0,7.93088931904745e-05,0.0015873735137879041,103.06367260778559,98.16999816894531,0.5,0.07910131496931766,0.5,risk_off,0.004787625847708421,-0.0031577627011896148,0.04431087455695959
2022-09-26,META,False,0.0,2.9523922933670964e-05,0.0005906441038014965,144.84274410076475,136.3699951171875,0.5,0.07906991433560673,0.5,risk_off,0.0164259409941252,-0.018919131212387308,-0.04876434798409868
2022-09-26,TSLA,False,0.0,0.0001287036378720324,0.0025772224681857026,296.6131948706086,276.010009765625,0.5,0.0790646300326012,0.5,risk_off,-0.12177100351425918,-0.1922031853004369,-0.2346292071820737
2022-09-26,SPY,False,0.0,5.771232579497023e-06,0.00011543098016075781,377.04912061959834,364.30999755859375,0.5,0.07914305828873704,0.5,risk_off,0.006313271138266963,-0.011775709076531471,0.03996595661982072
2022-09-26,QQQ,False,0.0,-4.653300378874447e-05,-0.0009302487797336889,285.5521731314014,274.3699951171875,0.5,0.07912241660341385,0.5,risk_off,-0.003061545915513997,-0.029011887585150498,0.014870492992869355
2022-09-26,AVGO,False,0.0,-8.712412241350461e-05,-0.001741040985488107,48.30645515077499,46.22600173950195,0.5,0.07912800989358026,0.5,risk_off,-0.011854807144721535,-0.0531302987348683,-0.012417282279582276
2022-09-26,AMD,False,0.0,2.941231225425509e-05,0.0005884106400746436,70.42889921788793,66.30000305175781,0.5,0.0790657034784808,0.5,risk_off,-0.002865798381003426,-0.1280543180644952,-0.11463049681740345
2022-09-26,NFLX,False,0.0,-7.718108568799845e-05,-0.00154249042291843,24.39014154504127,22.406999588012695,0.5,0.07905373035703218,0.5,risk_off,0.06680946883229533,0.026375668948896536,0.26054364076232317
2022-09-26,COST,False,0.0,-5.0804702498846424e-05,-0.0010156037870550083,499.8386816545965,480.29998779296875,0.5,0.07910484072286018,0.5,risk_off,-0.005350774249339385,-0.029127608973426256,0.03470750333418682
2022-09-26,ADBE,False,0.0,3.971464448080155e-06,7.94322858115315e-05,293.89578202068554,276.9599914550781,0.5,0.07907470493859571,0.5,risk_off,0.02989601037967926,0.031629152353746415,0.14175336141282635
2022-09-26,PEP,False,0.0,2.555399634564777e-05,0.0005112040172163823,176.11713620364898,168.4499969482422,0.5,0.0,0.5,risk_off,-0.018996717163642485,-0.03935879931218145,0.054793682960855516
2022-09-26,CSCO,False,0.0,1.8538344329895574e-05,0.0003708321912005985,42.14970700240405,40.58000183105469,0.5,0.07915371595278466,0.5,risk_off,0.0174962802473142,-0.01700350937091899,0.07294231027381226
2022-09-26,INTC,False,0.0,-4.4686681615305294e-05,-0.0008933543231063323,28.304548898477087,26.969999313354492,0.5,0.07911475207797374,0.5,risk_off,0.0,-0.06562842400736013,0.007786466339185338
2022-09-26,AMAT,False,0.0,-1.7988161994863387e-05,-0.0003597017674767944,87.68089923228943,82.94000244140625,0.5,0.0790890502323994,0.5,risk_off,0.03990833688402806,-0.04521340595147949,0.0241138165074557
2022-09-26,QCOM,False,0.0,2.1630594991325745e-05,0.0004327008090676543,125.86169669171166,119.73999786376953,0.5,0.07909560174322298,0.5,risk_off,-0.021045571137669916,-0.04292633607273244,-0.028060803994453876
2022-09-26,TXN,False,0.0,0.00012471764968031496,0.002497310559795407,169.52902404293314,160.4600067138672,0.5,0.07913912238053941,0.5,risk_off,-0.003863955814748077,-0.022871826462520062,0.007416098297559959
2022-09-26,CCJ,True,0.0974851377091201,7.24691789911841e-05,0.0014503818523963208,27.144523868927322,25.1200008392334,0.5,0.38796774377466686,0.5,risk_off,0.09514328462583665,0.010748349577813121,-0.04976114483434657
2022-09-26,YPF,True,0.1025148622908799,0.0029839748136770714,0.06140195355134992,7.083738845774873,6.25,0.5,1.0,0.5,risk_off,0.09120002746582023,0.10080001831054686,0.1823999786376953
2022-09-26,VIST,False,0.0,0.00014397564964709162,0.0028834549049809866,9.0473094183072,8.399999618530273,0.5,0.07905690762683448,0.5,risk_off,0.1892857410469846,0.3559524834020924,0.525000119209295
2022-10-03,AAPL,True,0.24999918796601467,7.071004939014693e-05,0.0014151513740712218,149.31240693773992,142.4499969482422,0.5,0.48874227151313215,0.5,risk_off,-0.014250605986565579,-0.0002807531554201992,0.07644787380097462
2022-10-03,MSFT,False,0.0,1.2125390874851085e-05,0.00024253575430055463,253.74119043836512,240.74000549316406,0.5,0.40180712131795826,0.5,risk_off,-0.04772786089136449,-0.013333914765397581,-0.03576472714916523
2022-10-03,NVDA,False,0.0,4.6748472895263984e-05,0.0009353848041417923,13.409231510129088,12.51200008392334,0.5,0.3036783422729838,0.5,risk_off,-0.06729539657782446,-0.04987216633079983,0.07872439658491293
2022-10-03,AMZN,False,0.0,2.6422065951465177e-05,0.0005285739839164805,122.7372108399619,115.87999725341797,0.5,0.5196474957320524,0.5,risk_off,-0.019071445778857,-0.0180358680309598,-0.11598200837561112
2022-10-03,GOOGL,True,6.455778024956521e-07,5.404084246984813e-05,0.0010813719077593653,103.8686037521237,98.63999938964844,0.5,0.2878718598707343,0.5,risk_off,-0.00790753025266877,0.01348339253126829,-0.04186939658326261
2022-10-03,META,False,0.0,1.4637078123006596e-05,0.000292782272407921,147.3170248260249,138.61000061035156,0.5,0.32304744640865035,0.5,risk_off,-0.03477387852964764,-0.03297025686527166,-0.32789839656668995
2022-10-03,TSLA,False,0.0,-1.649275968653834e-05,-0.00032980351673106423,257.9060711272387,242.39999389648438,0.5,0.4887030073767971,0.5,risk_off,-0.08019796894433473,-0.09509071111120626,-0.06130363442458442
2022-10-03,SPY,True,1.6645618281888966e-07,0.00010264637840715375,0.002054930694611823,383.07513693741265,366.6099853515625,0.5,0.30501349842717557,0.5,risk_off,-0.01797549603448778,0.0005728757563840947,0.05346282667320179
2022-10-03,QQQ,False,0.0,8.259385656670102e-06,0.000165200675092958,286.7328458888459,273.5299987792969,0.5,0.3101362873082834,0.5,risk_off,-0.02603003381333835,-0.015281660857805801,0.01615915419683356
2022-10-03,AVGO,False,0.0,2.0567255670378587e-05,0.0004114254956071317,47.90095660027874,45.678001403808594,0.5,0.4676523895196325,0.5,risk_off,-0.0417706748852158,-0.04687163600049238,0.02920442210236085
2022-10-03,AMD,False,0.0,-3.8403795369677406e-05,-0.0007677957501677213,70.27029542307463,66.11000061035156,0.5,0.37113449883212163,0.5,risk_off,-0.12554831584377457,-0.12327940478951938,-0.09151413070949566
2022-10-03,NFLX,False,0.0,3.1936521328308384e-05,0.0006389242525712824,26.40264825243084,23.90399932861328,0.5,0.6434579866580454,0.5,risk_off,-0.03790161323526364,0.025351443996367795,0.22105089295260827
2022-10-03,COST,False,0.0,1.8657164041678466e-05,0.0003732094252946183,499.4431092962313,477.7300109863281,0.5,0.3413277123511606,0.5,risk_off,-0.02390474361063577,-0.028384228009032952,0.049756114263359796
2022-10-03,ADBE,False,0.0,-4.251771926421883e-05,-0.0008500109991651517,302.7092609312361,285.239990234375,0.5,0.0,0.5,risk_off,0.001682832010805102,0.02895810562480361,0.11660360014139681
2022-10-03,PEP,False,0.0,-0.00015537227785098208,-0.0031028631265798134,173.15941826916745,165.25,0.5,0.4888285210601134,0.5,risk_off,-0.020756385329992466,0.045264724523685684,0.09881998082332633
2022-10-03,CSCO,False,0.0,2.1906114323395484e-05,0.00043821347524364285,43.197717060755586,41.290000915527344,0.5,0.31295970532058237,0.5,risk_off,-0.03390655109800267,0.00024214873605021836,0.10026639132603088
2022-10-03,INTC,False,0.0,3.777777778967064e-05,0.0007558267777583172,28.325801741788318,26.969999313354492,0.5,0.19468586013857025,0.5,risk_off,-0.06562842400736013,-0.020393001522555076,0.05413426136419486
2022-10-03,AMAT,False,0.0,4.256084611086907e-06,8.512513402036959e-05,92.14327356732747,86.25,0.5,0.48872544915842,0.5,risk_off,-0.08185504415760869,-0.1372753198596014,0.023652184527853226
2022-10-03,QCOM,False,0.0,-5.001541655488752e-05,-0.0009998331807401506,123.4336245125151,117.22000122070312,0.5,0.4887309795181632,0.5,risk_off,-0.022351157816907552,-0.04802938768284315,0.0037536464496175093
2022-10-03,TXN,False,0.0,4.582462932721203e-05,0.0009168916766264523,170.2863549572343,159.83999633789062,0.5,0.4887666312016203,0.5,risk_off,-0.01908160111134083,-0.05536781185866835,0.004942496014901376
2022-10-03,CCJ,False,0.0,-0.00020003984351211237,-0.003993202959532649,29.794478668897852,27.510000228881836,0.5,0.4887098393702369,0.5,risk_off,-0.07706291608851679,-0.17666305234157031,-0.13776811646654763
2022-10-03,YPF,True,0.25,0.002591171281425902,0.053119171119471176,7.802583155501852,6.820000171661377,0.5,1.0,0.5,risk_off,0.008797645347408345,0.03665689057293653,0.12023455633205127
2022-10-03,VIST,False,0.0,-3.14085226400329e-05,-0.0006279830540125708,10.994281666149417,9.989999771118164,0.5,0.5203683042035755,0.5,risk_off,0.1401402006286423,0.15915917807973323,0.32432430884385455
2022-10-10,AAPL,False,0.0,-4.029964318241734e-05,-0.0008056843666117697,146.79075297967748,140.4199981689453,0.5,0.5471280384071149,0.5,risk_off,0.014171809707402172,0.06430707090903454,-0.0106822391365885
2022-10-10,MSFT,False,0.0,1.1445364162509253e-05,0.0002289321742663386,239.66544337039696,229.25,0.5,0.5471169635472009,0.5,risk_off,0.03611777002964822,0.07851690294438396,-0.006019650524809128
2022-10-10,NVDA,False,0.0,4.7409983648004344e-05,0.0009486268587124425,12.487282387694522,11.670000076293945,0.5,0.5470748103287203,0.5,risk_off,0.018680330495954856,0.07960581788726895,0.22544983272699692
2022-10-10,AMZN,False,0.0,3.312234445335723e-05,0.0006626553775428423,120.24792312263222,113.66999816894531,0.5,0.39367182904029746,0.5,risk_off,0.0010557116962708335,0.05410399951567069,-0.2035717406738755
2022-10-10,GOOGL,False,0.0,-1.2736141567918019e-05,-0.0002546920139463449,102.69353816331994,97.86000061035156,0.5,0.4262786212330481,0.5,risk_off,0.021561420367785855,0.047619006781632,-0.09574905669468059
2022-10-10,META,False,0.0,6.573005392075379e-05,0.00131542228584558,142.02080468397008,133.7899932861328,0.5,0.346479632128656,0.5,risk_off,0.0018686001386167828,-0.030420750950523767,-0.2770759692479329
2022-10-10,TSLA,False,0.0,3.4276102268305744e-05,0.000685745313004249,237.34727890946178,222.9600067138672,0.5,0.5470779380138068,0.5,risk_off,-0.016191247316315382,-0.052520660034313105,-0.1160746506256849
2022-10-10,SPY,True,0.0,9.430232662394366e-05,0.0018877371453676073,373.4744170814836,360.0199890136719,0.5,0.4800418591086004,0.5,risk_off,0.018887891000654022,0.05235822087311881,0.05535810177640599
2022-10-10,QQQ,False,0.0,5.298363254646162e-06,0.0001059725990653071,277.80435760678995,266.4100036621094,0.5,0.5471292628402953,0.5,risk_off,0.011035630798365448,0.04519353019563166,0.004429235612630533
2022-10-10,AVGO,False,0.0,-4.335644140089986e-05,-0.0008667717625185922,45.8930052994466,43.77000045776367,0.5,0.5471083488453768,0.5,risk_off,-0.005323319774904078,0.04299748571623785,0.08572078734583788
2022-10-10,AMD,False,0.0,-5.43361588222852e-05,-0.001086162399837165,61.805947174873005,57.810001373291016,0.5,0.5470736803197603,0.5,risk_off,0.0025946671444110336,0.01539524941197512,0.09116070459390246
2022-10-10,NFLX,False,0.0,5.129557010255998e-05,0.001026411490700152,24.875379730066374,22.99799919128418,0.5,0.5908373599361981,0.5,risk_off,0.06574489480679158,0.22815035361588043,0.12444567004559381
2022-10-10,COST,False,0.0,-9.111698582066448e-05,-0.0018207631404975055,484.7193640080617,466.30999755859375,0.5,0.5471267856145163,0.5,risk_off,-0.004589187755063007,0.06575026017591834,0.04769357369735672
2022-10-10,ADBE,False,0.0,-2.810938350387948e-05,-0.0005620375692796387,303.3954820400905,285.7200012207031,0.5,0.0,0.5,risk_off,0.027229451022181772,0.10674786458663221,0.0483690580469498
2022-10-10,PEP,False,0.0,1.0015483491932185e-05,0.00020032872986597283,168.12091417462602,161.82000732421875,0.5,0.547221526196134,0.5,risk_off,0.0674205160642547,0.09801003975846956,0.11364478159244351
2022-10-10,CSCO,False,0.0,1.2357588882369111e-05,0.00024718079470020804,41.4971534856425,39.88999938964844,0.5,0.5351814615770338,0.5,risk_off,0.035347201528862504,0.09150166913329394,0.11682125642301688
2022-10-10,INTC,False,0.0,1.3427885867873649e-05,0.00026859197866069273,26.495025063287716,25.200000762939453,0.5,0.5471232885469144,0.5,risk_off,0.04841266969914915,0.07857140802742468,0.12738091219399728
2022-10-10,AMAT,False,0.0,-4.992784455050563e-05,-0.0009980834028280317,83.8507590298616,79.19000244140625,0.5,0.5470905261633106,0.5,risk_off,-0.060361139435923916,0.07261017581423235,0.20015150884543442
2022-10-10,QCOM,False,0.0,-2.192143093216467e-05,-0.00043833732631570754,120.45595097599053,114.5999984741211,0.5,0.5471032105462057,0.5,risk_off,-0.02626528949658047,0.015532275767864201,-0.03935429490646036
2022-10-10,TXN,False,0.0,3.0752068297662996e-05,0.0006152210801537716,164.87578041506882,156.7899932861328,0.5,0.5471421907830921,0.5,risk_off,-0.036992078840032194,0.03099688002079537,0.05676388504610386
2022-10-10,CCJ,True,0.14493246736774226,0.00015551033518102818,0.003114805851971436,27.175132813028696,25.389999389648438,0.5,0.5470742112974889,0.5,risk_off,-0.10791649613962839,-0.05986603335779306,-0.0610476279764105
2022-10-10,YPF,True,0.18175602533809374,0.0020372765276065875,0.041543848241864856,7.546937569755044,6.880000114440918,0.5,1.0,0.5,risk_off,0.027616286927329314,0.07412786970369423,0.15261623494653542
2022-10-10,VIST,True,0.17331150729416397,0.0010878824083348623,0.021983985467387557,12.845999882765492,11.390000343322754,0.5,0.9002929289148572,0.5,risk_off,0.016681262041812417,0.12467076676836131,0.21597892572401167
2022-10-17,AAPL,False,0.0,1.5393734626270853e-05,0.00030791972042787386,149.78213309574022,142.41000366210938,0.5,0.1755340574824937,0.5,risk_off,0.049434682291254806,0.07675017481015178,0.04121898017161074
2022-10-17,MSFT,False,0.0,8.525754442911645e-05,0.0017065326766094735,252.97837236003363,237.52999877929688,0.5,0.3378038033919523,0.5,risk_off,0.04092115215196279,-0.022733944866904277,0.016924196072581887
2022-10-17,NVDA,False,0.0,2.4295952467310572e-05,0.0004860312214238771,12.722750364519204,11.887999534606934,0.5,0.3295094392402575,0.5,risk_off,0.059808249523824575,0.13534659059413,0.3707100197016222
2022-10-17,AMZN,False,0.0,-1.3441998431500309e-05,-0.00026880564080655756,120.90224893138819,113.79000091552734,0.5,0.18547670673086925,0.5,risk_off,0.052992343182888924,-0.0997451303524185,-0.13445823823409453
2022-10-17,GOOGL,True,1.105890630483571e-05,0.00010876539258809088,0.002177557002281727,106.46341546441293,99.97000122070312,0.5,0.3408106041260062,0.5,risk_off,0.025507606194118848,-0.05461637509054995,-0.04271285606003017
2022-10-17,META,False,0.0,3.504327764786115e-05,0.0007010989279732094,142.22566322654424,134.0399932861328,0.5,0.15447257323380686,0.5,risk_off,-0.03222912773658437,-0.3049835248555828,-0.14786625677547072
2022-10-17,TSLA,False,0.0,6.62868110138706e-05,0.0013265714012591356,233.61221765211525,219.35000610351562,0.5,0.008770772367105443,0.5,risk_off,-0.03692731195864696,0.03733752885674502,-0.12947348240268985
2022-10-17,SPY,False,0.0,7.144540338647027e-06,0.00014290050563614543,384.8425457525615,366.82000732421875,0.5,0.18754265949769705,0.5,risk_off,0.03284986519919619,0.05285966889401772,0.07714952082195303
2022-10-17,QQQ,False,0.0,-5.136137343250879e-05,-0.0010267264048471336,282.74447543481574,269.3500061035156,0.5,0.11780566694529672,0.5,risk_off,0.033785059949166474,0.03192873921900152,0.05973638750060761
2022-10-17,AVGO,False,0.0,-8.146262230162995e-05,-0.001627992191922778,45.641699676243086,43.5369987487793,0.5,0.410204111733805,0.5,risk_off,0.04857940922090087,0.07981722187305795,0.1788134246996156
2022-10-17,AMD,False,0.0,2.8923959701194468e-05,0.0005786381747454605,61.90918756818279,57.959999084472656,0.5,0.272805571311709,0.5,risk_off,0.012767454971631231,0.036231924119904724,0.2686335393506827
2022-10-17,NFLX,False,0.0,-8.641779430161291e-05,-0.0017269376948029214,26.748687156782832,24.510000228881836,0.5,0.5233256209491505,0.5,risk_off,0.15238680438486285,0.19086085078642911,0.22101182237082573
2022-10-17,COST,False,0.0,-4.81296481695625e-05,-0.0009621529624885827,484.78159894107114,464.1700134277344,0.5,0.4102093578177158,0.5,risk_off,0.07066373708795237,0.08042308958434563,0.09804592699121484
2022-10-17,ADBE,False,0.0,5.383188865270179e-06,0.000107669283441858,318.1692288179604,293.5,0.5,0.2784847741794957,0.5,risk_off,0.077410566339704,0.08517887563884163,0.159693339411201
2022-10-17,PEP,False,0.0,2.954894085473869e-05,0.0005911447430948513,184.04301376336784,172.72999572753906,0.5,1.0,0.5,risk_off,0.028657425291958027,0.051236069718171295,0.023157529664445287
2022-10-17,CSCO,False,0.0,2.539890192891142e-05,0.0005081006270621913,43.54362785425132,41.29999923706055,0.5,0.6211338620114017,0.5,risk_off,0.05423732977836804,0.10000002770966598,0.08329303886086681
2022-10-17,INTC,False,0.0,-5.3157991034391e-05,-0.001062623095208104,27.783280294100873,26.420000076293945,0.5,0.0,0.5,risk_off,0.028766094878393433,0.0760787366796929,0.1487509573742234
2022-10-17,AMAT,False,0.0,-1.6697390326254197e-05,-0.000333894839291915,78.79698596684612,74.41000366210938,0.5,0.4101652105825611,0.5,risk_off,0.14151321409837392,0.1865340219098237,0.4461765261966799
2022-10-17,QCOM,False,0.0,2.0300649211326932e-05,0.00040609129587521053,117.26979441155883,111.58999633789062,0.5,0.41017371351643395,0.5,risk_off,0.042925002892045816,0.054395622577484204,0.08253434013905347
2022-10-17,TXN,True,3.975150432076506e-05,0.00010120303981468664,0.0020260079689431443,158.4868977431373,150.99000549316406,0.5,0.4102174000203194,0.5,risk_off,0.07060062266043787,0.06384528140231693,0.17517713746582841
2022-10-17,CCJ,False,0.0,4.65587434853709e-05,0.0009315868509409686,24.40243451348105,22.649999618530273,0.5,0.4101296335163109,0.5,risk_off,0.05386318945917434,0.04724060542362385,0.07240623949747715
2022-10-17,YPF,True,0.25,0.0002638749082542312,0.005290748828268299,7.764630391722628,7.070000171661377,0.5,0.4101388742281317,0.5,risk_off,0.045261624760190466,0.0806223028266595,0.13719940122203855
2022-10-17,VIST,True,0.24994918958937445,0.0006631560354654685,0.013347011544209142,13.329888785502588,11.579999923706055,0.5,0.7671610957282323,0.5,risk_off,0.10621766010487121,0.1424870146287711,0.24438686894225325
2022-10-24,AAPL,False,0.0,-0.00017347149959169307,-0.003463718389816628,159.6537081424784,149.4499969482422,0.5,0.6265343256893035,0.5,neutral,0.02602876861212411,-0.07045834054411959,-0.009635346074345907
2022-10-24,MSFT,False,0.0,-5.5030277805369285e-05,-0.001100030363064164,266.8425810812285,247.25,0.5,0.47421891983598297,0.5,neutral,-0.06115265972573303,-0.07838222399519712,-0.02103133244991784
2022-10-24,NVDA,False,0.0,1.1917748359811658e-05,0.000238381955342426,13.866731599136616,12.598999977111816,0.5,0.28335098874049264,0.5,neutral,0.07127547941266266,0.13509006011577163,0.21573144034645653
2022-10-24,AMZN,True,0.05717605548442166,0.00011173802738996994,0.002237134362447657,130.30808083018266,119.81999969482422,0.5,0.4738176053457528,0.5,neutral,-0.14505088714475034,-0.24445001660931032,-0.22834251944613726
2022-10-24,GOOGL,False,0.0,4.9619574846119375e-05,0.0009928594356420906,110.66924790031581,102.5199966430664,0.5,0.5574356828782804,0.5,neutral,-0.07813104534838733,-0.13685133865292365,-0.06749900893030636
2022-10-24,META,False,0.0,-9.909091650558953e-06,-0.00019816317800169791,138.61172640040311,129.72000122070312,0.5,0.16371625480332777,0.5,neutral,-0.28183778302924367,-0.2543940771620441,-0.15309898568812175
2022-10-24,TSLA,False,0.0,6.698010607906509e-05,0.0013404548678197514,224.63979918286356,211.25,0.5,0.0,0.5,neutral,0.07711239425388317,-0.0670769144092086,-0.20534913553994083
2022-10-24,SPY,False,0.0,7.429806296011375e-05,0.0014870105653224108,406.50136451443825,378.8699951171875,0.5,0.2834267175810034,0.5,neutral,0.01937339043072095,0.002850627137970463,0.041491808333465
2022-10-24,QQQ,True,0.06782394451557835,0.00012629999568278602,0.0025290330325382637,298.1581027632816,278.45001220703125,0.5,0.28340835612202153,0.5,neutral,-0.0017956544373509686,-0.03900167137024957,0.012354111296818848
2022-10-24,AVGO,False,0.0,6.861377588545549e-06,0.0001372364970544382,48.88963144849557,45.652000427246094,0.5,0.361919400168423,0.5,neutral,0.029790602769290464,0.04096203702759782,0.13344429591127493
2022-10-24,AMD,False,0.0,-3.34922670456888e-05,-0.0006696322546669853,62.58814570662177,58.70000076293945,0.5,0.11960316473117812,0.5,neutral,0.023168664270447614,0.07461671228598288,0.2344122341173911
2022-10-24,NFLX,False,0.0,-0.00014979781227583182,-0.002991696591974624,32.39233031262909,28.2450008392334,0.5,0.550921336246231,0.5,neutral,0.033386399649120824,-0.08443972943944755,0.009205109357690588
2022-10-24,COST,False,0.0,8.350747407689384e-05,0.0016714751103017456,534.0794767764037,496.9700012207031,0.5,0.5648370226147542,0.5,neutral,0.009115235865685856,-0.016942699573520237,0.05312190641615855
2022-10-24,ADBE,False,0.0,-9.083163092750912e-05,-0.0018150658993478785,354.4705325649434,316.2200012207031,0.5,0.6279271067739723,0.5,neutral,0.007210166246585992,-0.05274806340962468,0.016665577741218573
2022-10-24,PEP,True,0.1875,0.0014406681627643675,0.029211142689024916,190.8170664742221,177.67999267578125,0.5,1.0,0.5,neutral,0.02194962469629269,0.014239161089467878,0.04018468563011557
2022-10-24,CSCO,False,0.0,-6.223854354918695e-05,-0.0012440351548546058,47.208579148126574,43.540000915527344,0.5,0.6298050326145549,0.5,neutral,0.04340834519767833,0.023197021136786677,0.09370688862118048
2022-10-24,INTC,False,0.0,6.511043081919766e-06,0.0001302289167548487,29.230849740590404,27.18000030517578,0.5,0.6070183747071095,0.5,neutral,0.04598969779120887,0.04525384578461922,0.06475350291098736
2022-10-24,AMAT,False,0.0,1.4657352852429547e-05,0.0002931878798553278,92.66397689940415,84.94000244140625,0.5,0.28336216066096437,0.5,neutral,0.039439585328856275,0.11890744271038045,0.2378148854207609
2022-10-24,QCOM,False,0.0,2.3429858874371277e-05,0.0004687014942261758,124.34258671704185,116.37999725341797,0.5,0.2833697521623661,0.5,neutral,0.010998508669012752,-0.05404709627059745,0.0328235073464227
2022-10-24,TXN,False,0.0,-0.0001123439969452663,-0.002244483531561259,173.30849950624278,161.64999389648438,0.5,0.36529839934659647,0.5,neutral,-0.006309861133215078,0.024992321048332267,0.06650170371725439
2022-10-24,CCJ,False,0.0,-3.1497329197821265e-05,-0.0006297581240425343,25.970931179098653,23.8700008392334,0.5,0.283347924526274,0.5,neutral,-0.006284102245709189,-0.0012568364302777413,-0.03309597351286542
2022-10-24,YPF,False,0.0,7.386383402505088e-05,0.0014783137545890668,8.472692724785995,7.389999866485596,0.5,0.3362879772311351,0.5,neutral,0.03382949993460427,0.0730717146967732,-0.016238144482693895
2022-10-24,VIST,True,0.1875,0.005002057767982094,0.10494082421097461,14.65865818531554,12.8100004196167,0.5,0.956862396163013,0.5,neutral,0.0327868156800728,0.0811865673525205,0.004683798905307013
2022-10-31,AAPL,False,0.0,-0.00019416584263950553,-0.0038761621197060947,167.6248210158352,153.33999633789062,0.5,0.23451196108370473,0.5,neutral,-0.09403937989649025,-0.0329985501463288,-0.07936610447106218
2022-10-31,MSFT,False,0.0,-4.015775453542224e-05,-0.000802848761926156,247.05683423318044,232.1300048828125,0.5,0.06877326334909789,0.5,neutral,-0.01835182732096874,0.04058070034376149,0.035325019496647236
2022-10-31,NVDA,False,0.0,1.3986361035345433e-05,0.00027976439130195097,15.048227047679847,13.496999740600586,0.5,0.21890529080957422,0.5,neutral,0.05956878686152334,0.20730535596564037,0.15870195151007271
2022-10-31,AMZN,False,0.0,5.7251912288612375e-05,0.0011456612382323428,108.03397518208801,102.44000244140625,0.5,0.06874864655103055,0.5,neutral,-0.1162632114238934,-0.03855920034652527,-0.09781339353434892
2022-10-31,GOOGL,False,0.0,3.119243700825265e-05,0.0006240336387111078,100.58633048165265,94.51000213623047,0.5,0.06877001390549241,0.5,neutral,-0.06369700705099413,0.012591205005967554,0.0071950088858911965
2022-10-31,META,False,0.0,-7.076338998959117e-06,-0.00014151726621480787,100.50816389593474,93.16000366210938,0.5,0.06873746389108339,0.5,neutral,0.038213797967482144,0.22606265275577053,0.17496774132258786
2022-10-31,TSLA,False,0.0,8.956903355820309e-05,0.00179290578689284,244.07266044982322,227.5399932861328,0.5,0.0687503631516505,0.5,neutral,-0.13386653930667258,-0.1608068797465354,-0.2052825561805306
2022-10-31,SPY,True,0.07588219366655236,8.241814678750629e-05,0.0016496541968737954,415.8999463933218,386.2099914550781,0.5,0.7143993433291256,0.5,neutral,-0.01620874494847191,0.023070360320146532,0.02335522055570416
2022-10-31,QQQ,False,0.0,0.0001372356856275365,0.002748295051114402,297.9802729265535,277.95001220703125,0.5,0.06879159052835593,0.5,neutral,-0.03727294626425115,0.026947256360600802,0.009426137802203138
2022-10-31,AVGO,False,0.0,-0.0003232518755366571,-0.006445222526594407,50.852484254394064,47.012001037597656,0.5,0.16239777348589973,0.5,neutral,0.01084825811020762,0.09167866637173883,0.10905723619947372
2022-10-31,AMD,False,0.0,4.401626030122307e-06,8.80362018185199e-05,64.20394339315104,60.060001373291016,0.5,0.04604169252210083,0.5,neutral,0.05028305675508493,0.22427567595754394,0.22194468384220412
2022-10-31,NFLX,False,0.0,-9.081139693014208e-05,-0.0018146619171492961,33.475241650021744,29.187999725341797,0.5,0.45600901122586945,0.5,neutral,-0.11401943080398136,0.025318635308638537,-0.03741260326952023
2022-10-31,COST,False,0.0,-0.000193250168713776,-0.0038579159256929563,541.1949579864224,501.5,0.5,0.47332536233653477,0.5,neutral,-0.02582255674383105,0.016311052194977638,0.054755776615466045
2022-10-31,ADBE,True,0.04911780633344766,5.951052606151638e-05,0.0011908836470677642,354.99054866181916,318.5,0.5,0.42256950375402325,0.5,neutral,-0.059529015557545084,0.06866560476354011,0.025996856449911787
2022-10-31,PEP,False,0.0,-0.0001823100487287337,-0.003639892855741178,197.00876047342388,181.5800018310547,0.5,0.4693548538255777,0.5,neutral,-0.007544856830997149,-0.02671002343103923,0.005562256287317657
2022-10-31,CSCO,True,0.1875,0.0010395410212587497,0.020997429401550916,49.589533704979395,45.43000030517578,0.5,1.0,0.5,neutral,-0.01937048342953629,-0.015188171298127329,0.06273384228431089
2022-10-31,INTC,False,0.0,-4.758648533037516e-05,-0.000951299579444731,31.081728466771647,28.43000030517578,0.5,0.15185515904638047,0.5,neutral,-0.0007034983309525122,0.06753429671769662,0.01653180824162459
2022-10-31,AMAT,False,0.0,8.542979242945328e-06,0.00017087345224298112,96.33705608943248,88.29000091552734,0.5,0.25939353485217304,0.5,neutral,0.07645259859560039,0.21882432319044698,0.16944160074010917
2022-10-31,QCOM,False,0.0,1.820317997010689e-05,0.00036412656387185827,126.79369187119062,117.66000366210938,0.5,0.06876533005710386,0.5,neutral,-0.06433798307501293,0.026687058404874398,0.006119272215699079
2022-10-31,TXN,False,0.0,3.8458594082087835e-05,0.0007694529685544627,172.1275072305939,160.6300048828125,0.5,0.19833761784976148,0.5,neutral,0.03150094879400189,0.10465042051674889,0.07688470689978799
2022-10-31,CCJ,False,0.0,-9.457106034477287e-05,-0.0018897228705004876,25.51181217594466,23.719999313354492,0.5,0.0,0.5,neutral,0.005059057449712467,0.024030422372395943,-0.017284985635782735
2022-10-31,YPF,False,0.0,-7.686916664245733e-05,-0.0015362611654120562,8.641653337687986,7.639999866485596,0.5,0.39107935670893523,0.5,neutral,0.037958110853531624,0.05235603434001512,0.12565451986398157
2022-10-31,VIST,True,0.1875,0.005608450123450467,0.11835138868216721,15.172682138263733,13.229999542236328,0.5,0.8250053646122019,0.5,neutral,0.046863254775940666,0.08919125820138318,0.08390027579426018
