model,start_date,end_date,observations,total_return,CAGR,volatility,Sharpe,Sortino,Calmar,max_drawdown,hit_rate,window_start,overlay,average_exposure,average_cash,average_turnover,base_CAGR,base_Sharpe,base_max_drawdown,return_lost_vs_base,DD_improvement_vs_base,CAGR_QQQ,CAGR_SPY,Sharpe_QQQ,Sharpe_SPY,max_drawdown_QQQ,max_drawdown_SPY,beats_SPY_CAGR,beats_QQQ_CAGR,beats_SPY_Sharpe,beats_QQQ_Sharpe
2008-01-01_base_growth_v2,2008-12-31,2026-06-09,878,15.67975733949443,0.17514173206004724,0.19291071291812686,0.9642979349522935,1.4740849011752517,0.5049536217798569,-0.3468471647806167,0.571753986332574,2008-01-01,base_growth_v2,0.5996404024234039,0.400359597576596,0.10848475235235619,0.1751417320600472,0.9642979349522938,-0.3468471647806163,-2.7755575615628914e-17,-4.440892098500626e-16,0.2079880722494447,0.1468146461773043,1.0984348322260769,0.9480171641108704,-0.347443000911486,-0.2906543523729975,True,False,True,False
2008-01-01_spy_trend_filter,2008-12-31,2026-06-09,878,15.195743084868898,0.17315888268024038,0.17510753073925908,1.0333122831797217,1.6607741110671552,0.661637989305762,-0.2617124250406647,0.571753986332574,2008-01-01,spy_trend_filter,0.5470301050958132,0.4529698949041867,0.09600861185807373,0.1751417320600472,0.9642979349522938,-0.3468471647806163,0.0019828493798068336,0.08513473973995156,0.2079880722494447,0.1468146461773043,1.0984348322260769,0.9480171641108704,-0.347443000911486,-0.2906543523729975,True,False,True,False
2008-01-01_qqq_trend_filter,2008-12-31,2026-06-09,878,13.715908177942147,0.16672998841409603,0.17763388866898217,0.9890597721512565,1.553387947019414,0.6392843549237363,-0.26080724036174197,0.571753986332574,2008-01-01,qqq_trend_filter,0.5511210402366158,0.44887895976338416,0.09718065212456577,0.1751417320600472,0.9642979349522938,-0.3468471647806163,0.00841174364595118,0.08603992441887431,0.2079880722494447,0.1468146461773043,1.0984348322260769,0.9480171641108704,-0.347443000911486,-0.2906543523729975,True,False,True,False
2008-01-01_dual_trend_filter,2008-12-31,2026-06-09,878,14.177885750136545,0.16880002846474862,0.1738566251824982,1.0172424290168218,1.620087682888704,0.6846294873820763,-0.24655676037299445,0.571753986332574,2008-01-01,dual_trend_filter,0.5391143875559499,0.46088561244405013,0.09435869067067637,0.1751417320600472,0.9642979349522938,-0.3468471647806163,0.006341703595298592,0.10029040440762182,0.2079880722494447,0.1468146461773043,1.0984348322260769,0.9480171641108704,-0.347443000911486,-0.2906543523729975,True,False,True,False
2008-01-01_realized_volatility_filter,2008-12-31,2026-06-09,878,16.160164884125365,0.17705688080729653,0.18430649204372548,1.0094872678747724,1.581467517438646,0.48207295784459503,-0.36728233336078153,0.571753986332574,2008-01-01,realized_volatility_filter,0.5692303796443606,0.4307696203556393,0.10187882980110334,0.1751417320600472,0.9642979349522938,-0.3468471647806163,-0.0019151487472493234,-0.020435168580165253,0.2079880722494447,0.1468146461773043,1.0984348322260769,0.9480171641108704,-0.347443000911486,-0.2906543523729975,True,False,True,False
2008-01-01_drawdown_aware_trend_filter,2008-12-31,2026-06-09,878,14.395309889121496,0.16975379167464477,0.1855044036430945,0.969426091390394,1.4879763605343672,0.599229817219644,-0.28328662359006507,0.571753986332574,2008-01-01,drawdown_aware_trend_filter,0.5713467337974077,0.42865326620259214,0.10120430138115738,0.1751417320600472,0.9642979349522938,-0.3468471647806163,0.00538794038540244,0.06356054119055121,0.2079880722494447,0.1468146461773043,1.0984348322260769,0.9480171641108704,-0.347443000911486,-0.2906543523729975,True,False,True,False
2010-01-01_base_growth_v2,2011-01-03,2026-06-09,777,9.693358702074674,0.165986141420146,0.1928699052328452,0.9222535265280363,1.3776277461888935,0.4398537662723417,-0.3773666480722444,0.5752895752895753,2010-01-01,base_growth_v2,0.5995839966132808,0.40041600338671907,0.11094901749401931,0.1659861414201462,0.922253526528037,-0.3773666480722438,1.942890293094024e-16,-6.106226635438361e-16,0.1914409250277042,0.140938064989003,1.037268036188666,0.9523964578657974,-0.3474430009114863,-0.2906543523729976,True,False,False,False
2010-01-01_spy_trend_filter,2011-01-03,2026-06-09,777,10.756756317554986,0.17317201694214046,0.17895139800346901,1.0148836390549014,1.593992334445472,0.5868562327963719,-0.29508422551290836,0.5752895752895753,2010-01-01,spy_trend_filter,0.5528763504696197,0.4471236495303802,0.0992964417488713,0.1659861414201462,0.922253526528037,-0.3773666480722438,-0.007185875521994262,0.08228242255933543,0.1914409250277042,0.140938064989003,1.037268036188666,0.9523964578657974,-0.3474430009114863,-0.2906543523729976,True,False,True,False
2010-01-01_qqq_trend_filter,2011-01-03,2026-06-09,777,9.896718351825148,0.16741053890722135,0.17979141735560572,0.982540289452336,1.5315886693329988,0.5688091892134881,-0.2943175709568012,0.5752895752895753,2010-01-01,qqq_trend_filter,0.5532519502812344,0.4467480497187654,0.10000950655450837,0.1659861414201462,0.922253526528037,-0.3773666480722438,-0.001424397487075152,0.08304907711544257,0.1914409250277042,0.140938064989003,1.037268036188666,0.9523964578657974,-0.3474430009114863,-0.2906543523729976,True,False,True,False
2010-01-01_dual_trend_filter,2011-01-03,2026-06-09,777,10.336591252008647,0.17040838710147344,0.17749634448518362,1.0079203797725393,1.576319245064424,0.6075437787813985,-0.2804874200889289,0.5752895752895753,2010-01-01,dual_trend_filter,0.5439316915249608,0.4560683084750392,0.09753393964350679,0.1659861414201462,0.922253526528037,-0.3773666480722438,-0.004422245681327236,0.09687922798331489,0.1914409250277042,0.140938064989003,1.037268036188666,0.9523964578657974,-0.3474430009114863,-0.2906543523729976,True,False,True,False
2010-01-01_realized_volatility_filter,2011-01-03,2026-06-09,777,9.535991568752413,0.1648663960099821,0.18405757248178717,0.9517193783951228,1.4615494254328345,0.41562823592505777,-0.3966679396625721,0.5752895752895753,2010-01-01,realized_volatility_filter,0.5671515641808483,0.43284843581915156,0.1041600857050875,0.1659861414201462,0.922253526528037,-0.3773666480722438,0.0011197454101641025,-0.019301291590328284,0.1914409250277042,0.140938064989003,1.037268036188666,0.9523964578657974,-0.3474430009114863,-0.2906543523729976,True,False,False,False
2010-01-01_drawdown_aware_trend_filter,2011-01-03,2026-06-09,777,9.58916682140203,0.16524650374371763,0.18350427338012826,0.9559860170679179,1.4553284921577128,0.5880240063448936,-0.28101999571560965,0.5752895752895753,2010-01-01,drawdown_aware_trend_filter,0.5658107134039827,0.43418928659601724,0.10238436375822453,0.1659861414201462,0.922253526528037,-0.3773666480722438,0.0007396376764285673,0.09634665235663414,0.1914409250277042,0.140938064989003,1.037268036188666,0.9523964578657974,-0.3474430009114863,-0.2906543523729976,True,False,True,False
2015-01-01_base_growth_v2,2016-01-04,2026-06-05,525,7.411478846837497,0.22681888949580498,0.2262234897803246,1.0500464367883957,1.5535935290663971,0.566204082389228,-0.40059564484009125,0.5942857142857143,2015-01-01,base_growth_v2,0.5963223132929956,0.4036776867070043,0.10476928741210542,0.2268188894958054,1.0500464367883973,-0.4005956448400929,4.163336342344337e-16,1.6653345369377348e-15,0.2106725401099707,0.1537119926155845,1.0992842672487473,0.9843063851411272,-0.3457823929358508,-0.3357198172925849,True,True,True,False
2015-01-01_spy_trend_filter,2016-01-04,2026-06-05,525,8.884309851058465,0.24596833463051282,0.2100390024310681,1.1903063871212312,1.8485622251171714,0.7382752772963744,-0.33316615386508586,0.5942857142857143,2015-01-01,spy_trend_filter,0.54386062255391,0.45613937744609,0.09189753986360039,0.2268188894958054,1.0500464367883973,-0.4005956448400929,-0.019149445134707427,0.06742949097500706,0.2106725401099707,0.1537119926155845,1.0992842672487473,0.9843063851411272,-0.3457823929358508,-0.3357198172925849,True,True,True,True
2015-01-01_qqq_trend_filter,2016-01-04,2026-06-05,525,8.546837403756733,0.24182039710080772,0.21306565151185683,1.1602941482320246,1.745330926745408,0.7464092221348736,-0.3239783083187999,0.5942857142857143,2015-01-01,qqq_trend_filter,0.5438606225539099,0.45613937744609,0.09165944462550515,0.2268188894958054,1.0500464367883973,-0.4005956448400929,-0.015001507605002323,0.07661733652129299,0.2106725401099707,0.1537119926155845,1.0992842672487473,0.9843063851411272,-0.3457823929358508,-0.3357198172925849,True,True,True,True
2015-01-01_dual_trend_filter,2016-01-04,2026-06-05,525,9.015101400900434,0.2475415649772943,0.2091865364809956,1.200583085515422,1.8429331568309752,0.783925415647351,-0.3157718324170917,0.5942857142857143,2015-01-01,dual_trend_filter,0.53386062255391,0.46613937744608996,0.08933999074054086,0.2268188894958054,1.0500464367883973,-0.4005956448400929,-0.0207226754814889,0.08482381242300119,0.2106725401099707,0.1537119926155845,1.0992842672487473,0.9843063851411272,-0.3457823929358508,-0.3357198172925849,True,True,True,True
2015-01-01_realized_volatility_filter,2016-01-04,2026-06-05,525,8.107301787999788,0.23621454677084142,0.21495024535760604,1.130124809930609,1.7277260404239065,0.5957693447612067,-0.3964865746248152,0.5942857142857143,2015-01-01,realized_volatility_filter,0.5602020275581167,0.43979797244188323,0.09604027196096505,0.2268188894958054,1.0500464367883973,-0.4005956448400929,-0.009395657275036023,0.0041090702152777325,0.2106725401099707,0.1537119926155845,1.0992842672487473,0.9843063851411272,-0.3457823929358508,-0.3357198172925849,True,True,True,True
2015-01-01_drawdown_aware_trend_filter,2016-01-04,2026-06-05,525,7.394241748555768,0.22657733761329935,0.21393884487616716,1.0964021629173732,1.6522594344209443,0.7036283136722555,-0.322012820136225,0.5942857142857143,2015-01-01,drawdown_aware_trend_filter,0.5470987177920053,0.4529012822079947,0.09235727887952318,0.2268188894958054,1.0500464367883973,-0.4005956448400929,0.00024155188250604698,0.0785828247038679,0.2106725401099707,0.1537119926155845,1.0992842672487473,0.9843063851411272,-0.3457823929358508,-0.3357198172925849,True,True,True,False
2020-01-01_base_growth_v2,2020-12-31,2026-06-10,274,2.2948289768423797,0.2450533203067775,0.3002204639996852,0.9051637876655658,1.7371035732436033,0.4619297615995249,-0.5304990946204267,0.5218978102189781,2020-01-01,base_growth_v2,0.5907278279147177,0.4092721720852822,0.11018913816833799,0.2450533203067777,0.9051637876655654,-0.5304990946204275,1.942890293094024e-16,8.881784197001252e-16,0.1808690172478879,0.1540890838405817,0.8961536865574365,0.9791093930144554,-0.3455308094921167,-0.235155470877593,True,True,False,True
2020-01-01_spy_trend_filter,2020-12-31,2026-06-10,274,2.8751870921738676,0.28274360687331934,0.2812118882435024,1.0564364855231196,2.2095440313371855,0.6189932185314592,-0.456779813426905,0.5218978102189781,2020-01-01,spy_trend_filter,0.530508849812528,0.469491150187472,0.0965942476573891,0.2450533203067777,0.9051637876655654,-0.5304990946204275,-0.037690286566541636,0.07371928119352256,0.1808690172478879,0.1540890838405817,0.8961536865574365,0.9791093930144554,-0.3455308094921167,-0.235155470877593,True,True,True,True
2020-01-01_qqq_trend_filter,2020-12-31,2026-06-10,274,2.9176876881372724,0.2853181448510773,0.28013014445659934,1.0668986020726332,2.2126849239043773,0.6202640474524881,-0.45999465231447667,0.5218978102189781,2020-01-01,qqq_trend_filter,0.5239395067468345,0.47606049325316546,0.09531687539461536,0.2450533203067777,0.9051637876655654,-0.5304990946204275,-0.04026482454429961,0.07050444230595088,0.1808690172478879,0.1540890838405817,0.8961536865574365,0.9791093930144554,-0.3455308094921167,-0.235155470877593,True,True,True,True
2020-01-01_dual_trend_filter,2020-12-31,2026-06-10,274,2.992597479144842,0.28980093763442816,0.27826391336885054,1.0851723169205112,2.251497051751925,0.6491862403725529,-0.44640646953348573,0.5218978102189781,2020-01-01,dual_trend_filter,0.5159103096665426,0.4840896903334574,0.09338561018780271,0.2450533203067777,0.9051637876655654,-0.5304990946204275,-0.04474761732765045,0.08409262508694182,0.1808690172478879,0.1540890838405817,0.8961536865574365,0.9791093930144554,-0.3455308094921167,-0.235155470877593,True,True,True,True
2020-01-01_realized_volatility_filter,2020-12-31,2026-06-10,274,2.6420937522246413,0.26819917693043416,0.2859462706999062,1.0024166759241497,1.9981068619829594,0.5315970768065656,-0.5045158986606408,0.5218978102189781,2020-01-01,realized_volatility_filter,0.5506564062034557,0.4493435937965443,0.10237301113515992,0.2450533203067777,0.9051637876655654,-0.5304990946204275,-0.023145856623656452,0.02598319595978671,0.1808690172478879,0.1540890838405817,0.8961536865574365,0.9791093930144554,-0.3455308094921167,-0.235155470877593,True,True,True,True
2020-01-01_drawdown_aware_trend_filter,2020-12-31,2026-06-10,274,2.871369780444739,0.2825112412801747,0.27992589260862916,1.0592953810883943,2.216796293538307,0.6358714919118574,-0.44428983666299593,0.5218978102189781,2020-01-01,drawdown_aware_trend_filter,0.5255818425132579,0.47441815748674204,0.09507356639218228,0.2450533203067777,0.9051637876655654,-0.5304990946204275,-0.03745792097339698,0.08620925795743162,0.1808690172478879,0.1540890838405817,0.8961536865574365,0.9791093930144554,-0.3455308094921167,-0.235155470877593,True,True,True,True
2022-01-03_base_growth_v2,2023-01-04,2026-06-10,173,4.267322077960164,0.623094239588079,0.33379694509896574,1.6734005026226084,3.0247102965164303,2.106540137777737,-0.29579034760068845,0.5780346820809249,2022-01-03,base_growth_v2,0.5811131486040317,0.41888685139596826,0.10411736361513697,0.6230942395880805,1.6734005026226084,-0.2957903476006885,1.5543122344752192e-15,5.551115123125783e-17,0.3620005007189801,0.2342439163780207,1.709883790015218,1.5200669309283776,-0.2274681874918649,-0.1856390139309361,True,True,True,False
2022-01-03_spy_trend_filter,2023-01-04,2026-06-10,173,4.387123322988102,0.6337696848782703,0.326837391587093,1.7225830832614344,3.1937714511122732,2.61723030917924,-0.24215281423858326,0.5780346820809249,2022-01-03,spy_trend_filter,0.5593305092306532,0.4406694907693466,0.09765599699823074,0.6230942395880805,1.6734005026226084,-0.2957903476006885,-0.010675445290189822,0.05363753336210525,0.3620005007189801,0.2342439163780207,1.709883790015218,1.5200669309283776,-0.2274681874918649,-0.1856390139309361,True,True,True,True
2022-01-03_qqq_trend_filter,2023-01-04,2026-06-10,173,4.416949824408596,0.6364013184936179,0.32480732474946966,1.7365309087506215,3.2044196468560915,2.4391283349114103,-0.2609134211532712,0.5780346820809249,2022-01-03,qqq_trend_filter,0.5583125193502476,0.44168748064975233,0.09801405408114928,0.6230942395880805,1.6734005026226084,-0.2957903476006885,-0.013307078905537395,0.0348769264474173,0.3620005007189801,0.2342439163780207,1.709883790015218,1.5200669309283776,-0.2274681874918649,-0.1856390139309361,True,True,True,True
2022-01-03_dual_trend_filter,2023-01-04,2026-06-10,173,4.454908846923828,0.6397356904633136,0.32457691047717635,1.7440315023438897,3.226307584164761,2.619710531758832,-0.2442009079658909,0.5780346820809249,2022-01-03,dual_trend_filter,0.5542662765756811,0.44573372342431894,0.0965772131485976,0.6230942395880805,1.6734005026226084,-0.2957903476006885,-0.016641450875233055,0.05158943963479762,0.3620005007189801,0.2342439163780207,1.709883790015218,1.5200669309283776,-0.2274681874918649,-0.1856390139309361,True,True,True,True
2022-01-03_realized_volatility_filter,2023-01-04,2026-06-10,173,4.466599149277279,0.64075927052112,0.3222662491539351,1.7563217191566642,3.2585216301040045,2.6460946676828865,-0.24215281423858337,0.5780346820809249,2022-01-03,realized_volatility_filter,0.5612297437847001,0.4387702562152998,0.09970458940773844,0.6230942395880805,1.6734005026226084,-0.2957903476006885,-0.017665030933039505,0.05363753336210514,0.3620005007189801,0.2342439163780207,1.709883790015218,1.5200669309283776,-0.2274681874918649,-0.1856390139309361,True,True,True,True
2022-01-03_drawdown_aware_trend_filter,2023-01-04,2026-06-10,173,4.503614318616774,0.6439900517835726,0.3268577852490127,1.742420845244307,3.26411504310031,2.7284545236341775,-0.23602740899848573,0.5780346820809249,2022-01-03,drawdown_aware_trend_filter,0.5671339774387457,0.43286602256125417,0.09922975336818389,0.6230942395880805,1.6734005026226084,-0.2957903476006885,-0.02089581219549208,0.059762938602202775,0.3620005007189801,0.2342439163780207,1.709883790015218,1.5200669309283776,-0.2274681874918649,-0.1856390139309361,True,True,True,True
